my_hp,my_atk,creature_hp,creature_atk,win%
1,0,1,1,0.823
1,0,1,2,0.829
1,0,1,3,0.854
1,0,1,4,0.843
1,0,2,1,0.853
1,0,2,2,0.846
1,0,2,3,0.823
1,0,2,4,0.829
1,0,3,1,0.66
1,0,3,2,0.677
1,0,3,3,0.694
1,0,3,4,0.678
1,0,4,1,0.504
1,0,4,2,0.483
1,0,4,3,0.482
1,0,4,4,0.522
1,0,5,1,0.318
1,0,5,2,0.346
1,0,5,3,0.333
1,0,5,4,0.333
1,0,6,1,0.128
1,0,6,2,0.147
1,0,6,3,0.122
1,0,6,4,0.124
1,0,7,1,0.135
1,0,7,2,0.158
1,0,7,3,0.136
1,0,7,4,0.134
1,0,8,1,0.124
1,0,8,2,0.141
1,0,8,3,0.165
1,0,8,4,0.147
1,0,9,1,0.115
1,0,9,2,0.12
1,0,9,3,0.117
1,0,9,4,0.105
1,0,10,1,0.077
1,0,10,2,0.08
1,0,10,3,0.081
1,0,10,4,0.089
1,0,11,1,0.052
1,0,11,2,0.049
1,0,11,3,0.058
1,0,11,4,0.065
1,0,12,1,0.021
1,0,12,2,0.024
1,0,12,3,0.02
1,0,12,4,0.023
1,0,13,1,0.022
1,0,13,2,0.02
1,0,13,3,0.02
1,0,13,4,0.022
1,0,14,1,0.028
1,0,14,2,0.03
1,0,14,3,0.025
1,0,14,4,0.016
1,0,15,1,0.02
1,0,15,2,0.019
1,0,15,3,0.019
1,0,15,4,0.026
1,1,1,1,0.833
1,1,1,2,0.828
1,1,1,3,0.837
1,1,1,4,0.812
1,1,2,1,0.833
1,1,2,2,0.818
1,1,2,3,0.823
1,1,2,4,0.819
1,1,3,1,0.813
1,1,3,2,0.82
1,1,3,3,0.842
1,1,3,4,0.843
1,1,4,1,0.67
1,1,4,2,0.66
1,1,4,3,0.662
1,1,4,4,0.696
1,1,5,1,0.5
1,1,5,2,0.489
1,1,5,3,0.505
1,1,5,4,0.501
1,1,6,1,0.29
1,1,6,2,0.309
1,1,6,3,0.316
1,1,6,4,0.288
1,1,7,1,0.137
1,1,7,2,0.125
1,1,7,3,0.134
1,1,7,4,0.124
1,1,8,1,0.139
1,1,8,2,0.152
1,1,8,3,0.159
1,1,8,4,0.148
1,1,9,1,0.139
1,1,9,2,0.122
1,1,9,3,0.138
1,1,9,4,0.135
1,1,10,1,0.11
1,1,10,2,0.119
1,1,10,3,0.118
1,1,10,4,0.088
1,1,11,1,0.081
1,1,11,2,0.073
1,1,11,3,0.07
1,1,11,4,0.078
1,1,12,1,0.058
1,1,12,2,0.058
1,1,12,3,0.061
1,1,12,4,0.051
1,1,13,1,0.024
1,1,13,2,0.024
1,1,13,3,0.022
1,1,13,4,0.024
1,1,14,1,0.024
1,1,14,2,0.024
1,1,14,3,0.018
1,1,14,4,0.026
1,1,15,1,0.021
1,1,15,2,0.018
1,1,15,3,0.02
1,1,15,4,0.02
1,2,1,1,0.819
1,2,1,2,0.832
1,2,1,3,0.829
1,2,1,4,0.851
1,2,2,1,0.817
1,2,2,2,0.843
1,2,2,3,0.835
1,2,2,4,0.85
1,2,3,1,0.824
1,2,3,2,0.811
1,2,3,3,0.853
1,2,3,4,0.818
1,2,4,1,0.838
1,2,4,2,0.811
1,2,4,3,0.845
1,2,4,4,0.832
1,2,5,1,0.664
1,2,5,2,0.672
1,2,5,3,0.657
1,2,5,4,0.646
1,2,6,1,0.47
1,2,6,2,0.464
1,2,6,3,0.476
1,2,6,4,0.505
1,2,7,1,0.287
1,2,7,2,0.289
1,2,7,3,0.315
1,2,7,4,0.318
1,2,8,1,0.139
1,2,8,2,0.133
1,2,8,3,0.13
1,2,8,4,0.144
1,2,9,1,0.15
1,2,9,2,0.128
1,2,9,3,0.132
1,2,9,4,0.135
1,2,10,1,0.138
1,2,10,2,0.136
1,2,10,3,0.129
1,2,10,4,0.139
1,2,11,1,0.125
1,2,11,2,0.118
1,2,11,3,0.101
1,2,11,4,0.109
1,2,12,1,0.09
1,2,12,2,0.061
1,2,12,3,0.083
1,2,12,4,0.072
1,2,13,1,0.044
1,2,13,2,0.062
1,2,13,3,0.066
1,2,13,4,0.041
1,2,14,1,0.02
1,2,14,2,0.027
1,2,14,3,0.019
1,2,14,4,0.025
1,2,15,1,0.025
1,2,15,2,0.03
1,2,15,3,0.024
1,2,15,4,0.025
1,3,1,1,0.855
1,3,1,2,0.839
1,3,1,3,0.862
1,3,1,4,0.85
1,3,2,1,0.838
1,3,2,2,0.828
1,3,2,3,0.827
1,3,2,4,0.848
1,3,3,1,0.846
1,3,3,2,0.814
1,3,3,3,0.823
1,3,3,4,0.829
1,3,4,1,0.838
1,3,4,2,0.841
1,3,4,3,0.831
1,3,4,4,0.822
1,3,5,1,0.835
1,3,5,2,0.825
1,3,5,3,0.835
1,3,5,4,0.83
1,3,6,1,0.611
1,3,6,2,0.657
1,3,6,3,0.651
1,3,6,4,0.66
1,3,7,1,0.478
1,3,7,2,0.49
1,3,7,3,0.47
1,3,7,4,0.483
1,3,8,1,0.291
1,3,8,2,0.305
1,3,8,3,0.263
1,3,8,4,0.334
1,3,9,1,0.136
1,3,9,2,0.136
1,3,9,3,0.144
1,3,9,4,0.137
1,3,10,1,0.148
1,3,10,2,0.147
1,3,10,3,0.136
1,3,10,4,0.15
1,3,11,1,0.144
1,3,11,2,0.15
1,3,11,3,0.142
1,3,11,4,0.117
1,3,12,1,0.087
1,3,12,2,0.11
1,3,12,3,0.091
1,3,12,4,0.117
1,3,13,1,0.069
1,3,13,2,0.084
1,3,13,3,0.081
1,3,13,4,0.076
1,3,14,1,0.046
1,3,14,2,0.059
1,3,14,3,0.059
1,3,14,4,0.057
1,3,15,1,0.022
1,3,15,2,0.025
1,3,15,3,0.019
1,3,15,4,0.03
1,4,1,1,0.831
1,4,1,2,0.826
1,4,1,3,0.813
1,4,1,4,0.827
1,4,2,1,0.842
1,4,2,2,0.831
1,4,2,3,0.82
1,4,2,4,0.858
1,4,3,1,0.835
1,4,3,2,0.847
1,4,3,3,0.827
1,4,3,4,0.834
1,4,4,1,0.844
1,4,4,2,0.852
1,4,4,3,0.845
1,4,4,4,0.833
1,4,5,1,0.836
1,4,5,2,0.826
1,4,5,3,0.833
1,4,5,4,0.825
1,4,6,1,0.796
1,4,6,2,0.815
1,4,6,3,0.802
1,4,6,4,0.809
1,4,7,1,0.64
1,4,7,2,0.641
1,4,7,3,0.64
1,4,7,4,0.622
1,4,8,1,0.474
1,4,8,2,0.481
1,4,8,3,0.467
1,4,8,4,0.496
1,4,9,1,0.291
1,4,9,2,0.307
1,4,9,3,0.297
1,4,9,4,0.303
1,4,10,1,0.122
1,4,10,2,0.117
1,4,10,3,0.15
1,4,10,4,0.135
1,4,11,1,0.14
1,4,11,2,0.144
1,4,11,3,0.134
1,4,11,4,0.135
1,4,12,1,0.124
1,4,12,2,0.127
1,4,12,3,0.12
1,4,12,4,0.125
1,4,13,1,0.117
1,4,13,2,0.103
1,4,13,3,0.116
1,4,13,4,0.103
1,4,14,1,0.1
1,4,14,2,0.081
1,4,14,3,0.072
1,4,14,4,0.074
1,4,15,1,0.046
1,4,15,2,0.045
1,4,15,3,0.053
1,4,15,4,0.046
2,0,1,1,0.97
2,0,1,2,0.83
2,0,1,3,0.845
2,0,1,4,0.827
2,0,2,1,0.968
2,0,2,2,0.833
2,0,2,3,0.85
2,0,2,4,0.834
2,0,3,1,0.914
2,0,3,2,0.655
2,0,3,3,0.676
2,0,3,4,0.667
2,0,4,1,0.859
2,0,4,2,0.514
2,0,4,3,0.492
2,0,4,4,0.518
2,0,5,1,0.767
2,0,5,2,0.355
2,0,5,3,0.299
2,0,5,4,0.332
2,0,6,1,0.634
2,0,6,2,0.129
2,0,6,3,0.146
2,0,6,4,0.135
2,0,7,1,0.571
2,0,7,2,0.118
2,0,7,3,0.137
2,0,7,4,0.127
2,0,8,1,0.442
2,0,8,2,0.126
2,0,8,3,0.13
2,0,8,4,0.138
2,0,9,1,0.354
2,0,9,2,0.111
2,0,9,3,0.112
2,0,9,4,0.107
2,0,10,1,0.275
2,0,10,2,0.087
2,0,10,3,0.088
2,0,10,4,0.077
2,0,11,1,0.197
2,0,11,2,0.059
2,0,11,3,0.054
2,0,11,4,0.06
2,0,12,1,0.177
2,0,12,2,0.022
2,0,12,3,0.02
2,0,12,4,0.035
2,0,13,1,0.136
2,0,13,2,0.02
2,0,13,3,0.018
2,0,13,4,0.028
2,0,14,1,0.115
2,0,14,2,0.029
2,0,14,3,0.026
2,0,14,4,0.022
2,0,15,1,0.078
2,0,15,2,0.023
2,0,15,3,0.016
2,0,15,4,0.027
2,1,1,1,0.961
2,1,1,2,0.83
2,1,1,3,0.838
2,1,1,4,0.835
2,1,2,1,0.97
2,1,2,2,0.848
2,1,2,3,0.837
2,1,2,4,0.816
2,1,3,1,0.975
2,1,3,2,0.828
2,1,3,3,0.813
2,1,3,4,0.825
2,1,4,1,0.923
2,1,4,2,0.648
2,1,4,3,0.676
2,1,4,4,0.655
2,1,5,1,0.83
2,1,5,2,0.534
2,1,5,3,0.498
2,1,5,4,0.477
2,1,6,1,0.773
2,1,6,2,0.266
2,1,6,3,0.293
2,1,6,4,0.299
2,1,7,1,0.687
2,1,7,2,0.132
2,1,7,3,0.122
2,1,7,4,0.155
2,1,8,1,0.641
2,1,8,2,0.146
2,1,8,3,0.141
2,1,8,4,0.162
2,1,9,1,0.565
2,1,9,2,0.135
2,1,9,3,0.137
2,1,9,4,0.149
2,1,10,1,0.438
2,1,10,2,0.109
2,1,10,3,0.138
2,1,10,4,0.117
2,1,11,1,0.324
2,1,11,2,0.091
2,1,11,3,0.083
2,1,11,4,0.066
2,1,12,1,0.274
2,1,12,2,0.043
2,1,12,3,0.059
2,1,12,4,0.042
2,1,13,1,0.207
2,1,13,2,0.028
2,1,13,3,0.018
2,1,13,4,0.022
2,1,14,1,0.189
2,1,14,2,0.021
2,1,14,3,0.018
2,1,14,4,0.021
2,1,15,1,0.162
2,1,15,2,0.026
2,1,15,3,0.026
2,1,15,4,0.02
2,2,1,1,0.978
2,2,1,2,0.851
2,2,1,3,0.839
2,2,1,4,0.835
2,2,2,1,0.973
2,2,2,2,0.836
2,2,2,3,0.811
2,2,2,4,0.841
2,2,3,1,0.961
2,2,3,2,0.826
2,2,3,3,0.824
2,2,3,4,0.831
2,2,4,1,0.961
2,2,4,2,0.817
2,2,4,3,0.848
2,2,4,4,0.819
2,2,5,1,0.903
2,2,5,2,0.66
2,2,5,3,0.69
2,2,5,4,0.682
2,2,6,1,0.853
2,2,6,2,0.476
2,2,6,3,0.479
2,2,6,4,0.451
2,2,7,1,0.783
2,2,7,2,0.302
2,2,7,3,0.301
2,2,7,4,0.334
2,2,8,1,0.706
2,2,8,2,0.146
2,2,8,3,0.135
2,2,8,4,0.165
2,2,9,1,0.705
2,2,9,2,0.135
2,2,9,3,0.135
2,2,9,4,0.128
2,2,10,1,0.615
2,2,10,2,0.145
2,2,10,3,0.141
2,2,10,4,0.134
2,2,11,1,0.538
2,2,11,2,0.12
2,2,11,3,0.118
2,2,11,4,0.129
2,2,12,1,0.415
2,2,12,2,0.072
2,2,12,3,0.09
2,2,12,4,0.08
2,2,13,1,0.308
2,2,13,2,0.054
2,2,13,3,0.054
2,2,13,4,0.053
2,2,14,1,0.238
2,2,14,2,0.017
2,2,14,3,0.018
2,2,14,4,0.029
2,2,15,1,0.229
2,2,15,2,0.03
2,2,15,3,0.033
2,2,15,4,0.016
2,3,1,1,0.968
2,3,1,2,0.834
2,3,1,3,0.822
2,3,1,4,0.856
2,3,2,1,0.963
2,3,2,2,0.846
2,3,2,3,0.833
2,3,2,4,0.837
2,3,3,1,0.982
2,3,3,2,0.822
2,3,3,3,0.838
2,3,3,4,0.822
2,3,4,1,0.97
2,3,4,2,0.832
2,3,4,3,0.845
2,3,4,4,0.821
2,3,5,1,0.98
2,3,5,2,0.838
2,3,5,3,0.827
2,3,5,4,0.83
2,3,6,1,0.911
2,3,6,2,0.631
2,3,6,3,0.615
2,3,6,4,0.653
2,3,7,1,0.832
2,3,7,2,0.492
2,3,7,3,0.473
2,3,7,4,0.466
2,3,8,1,0.772
2,3,8,2,0.309
2,3,8,3,0.294
2,3,8,4,0.316
2,3,9,1,0.738
2,3,9,2,0.135
2,3,9,3,0.122
2,3,9,4,0.139
2,3,10,1,0.712
2,3,10,2,0.133
2,3,10,3,0.142
2,3,10,4,0.165
2,3,11,1,0.671
2,3,11,2,0.12
2,3,11,3,0.143
2,3,11,4,0.129
2,3,12,1,0.626
2,3,12,2,0.126
2,3,12,3,0.113
2,3,12,4,0.087
2,3,13,1,0.53
2,3,13,2,0.073
2,3,13,3,0.066
2,3,13,4,0.08
2,3,14,1,0.368
2,3,14,2,0.036
2,3,14,3,0.047
2,3,14,4,0.054
2,3,15,1,0.306
2,3,15,2,0.021
2,3,15,3,0.022
2,3,15,4,0.016
2,4,1,1,0.976
2,4,1,2,0.838
2,4,1,3,0.852
2,4,1,4,0.832
2,4,2,1,0.977
2,4,2,2,0.815
2,4,2,3,0.831
2,4,2,4,0.825
2,4,3,1,0.965
2,4,3,2,0.851
2,4,3,3,0.814
2,4,3,4,0.799
2,4,4,1,0.961
2,4,4,2,0.853
2,4,4,3,0.845
2,4,4,4,0.842
2,4,5,1,0.97
2,4,5,2,0.832
2,4,5,3,0.836
2,4,5,4,0.814
2,4,6,1,0.965
2,4,6,2,0.816
2,4,6,3,0.835
2,4,6,4,0.799
2,4,7,1,0.907
2,4,7,2,0.633
2,4,7,3,0.637
2,4,7,4,0.648
2,4,8,1,0.827
2,4,8,2,0.505
2,4,8,3,0.491
2,4,8,4,0.486
2,4,9,1,0.788
2,4,9,2,0.296
2,4,9,3,0.306
2,4,9,4,0.291
2,4,10,1,0.744
2,4,10,2,0.136
2,4,10,3,0.146
2,4,10,4,0.139
2,4,11,1,0.747
2,4,11,2,0.159
2,4,11,3,0.117
2,4,11,4,0.131
2,4,12,1,0.699
2,4,12,2,0.124
2,4,12,3,0.146
2,4,12,4,0.155
2,4,13,1,0.657
2,4,13,2,0.105
2,4,13,3,0.102
2,4,13,4,0.104
2,4,14,1,0.599
2,4,14,2,0.07
2,4,14,3,0.071
2,4,14,4,0.079
2,4,15,1,0.463
2,4,15,2,0.046
2,4,15,3,0.042
2,4,15,4,0.039
3,0,1,1,0.994
3,0,1,2,0.971
3,0,1,3,0.825
3,0,1,4,0.84
3,0,2,1,0.999
3,0,2,2,0.964
3,0,2,3,0.834
3,0,2,4,0.794
3,0,3,1,0.985
3,0,3,2,0.914
3,0,3,3,0.651
3,0,3,4,0.662
3,0,4,1,0.972
3,0,4,2,0.864
3,0,4,3,0.492
3,0,4,4,0.505
3,0,5,1,0.944
3,0,5,2,0.798
3,0,5,3,0.321
3,0,5,4,0.356
3,0,6,1,0.876
3,0,6,2,0.64
3,0,6,3,0.136
3,0,6,4,0.151
3,0,7,1,0.832
3,0,7,2,0.543
3,0,7,3,0.127
3,0,7,4,0.129
3,0,8,1,0.745
3,0,8,2,0.438
3,0,8,3,0.153
3,0,8,4,0.134
3,0,9,1,0.661
3,0,9,2,0.336
3,0,9,3,0.107
3,0,9,4,0.108
3,0,10,1,0.594
3,0,10,2,0.27
3,0,10,3,0.078
3,0,10,4,0.088
3,0,11,1,0.499
3,0,11,2,0.22
3,0,11,3,0.059
3,0,11,4,0.055
3,0,12,1,0.42
3,0,12,2,0.163
3,0,12,3,0.026
3,0,12,4,0.016
3,0,13,1,0.349
3,0,13,2,0.146
3,0,13,3,0.023
3,0,13,4,0.019
3,0,14,1,0.348
3,0,14,2,0.108
3,0,14,3,0.021
3,0,14,4,0.026
3,0,15,1,0.247
3,0,15,2,0.078
3,0,15,3,0.015
3,0,15,4,0.017
3,1,1,1,0.993
3,1,1,2,0.969
3,1,1,3,0.835
3,1,1,4,0.843
3,1,2,1,0.997
3,1,2,2,0.98
3,1,2,3,0.837
3,1,2,4,0.827
3,1,3,1,0.994
3,1,3,2,0.966
3,1,3,3,0.838
3,1,3,4,0.838
3,1,4,1,0.98
3,1,4,2,0.911
3,1,4,3,0.67
3,1,4,4,0.675
3,1,5,1,0.969
3,1,5,2,0.837
3,1,5,3,0.479
3,1,5,4,0.514
3,1,6,1,0.934
3,1,6,2,0.766
3,1,6,3,0.318
3,1,6,4,0.325
3,1,7,1,0.905
3,1,7,2,0.656
3,1,7,3,0.143
3,1,7,4,0.141
3,1,8,1,0.894
3,1,8,2,0.633
3,1,8,3,0.141
3,1,8,4,0.173
3,1,9,1,0.824
3,1,9,2,0.527
3,1,9,3,0.121
3,1,9,4,0.136
3,1,10,1,0.766
3,1,10,2,0.44
3,1,10,3,0.112
3,1,10,4,0.117
3,1,11,1,0.658
3,1,11,2,0.334
3,1,11,3,0.078
3,1,11,4,0.088
3,1,12,1,0.641
3,1,12,2,0.27
3,1,12,3,0.059
3,1,12,4,0.054
3,1,13,1,0.539
3,1,13,2,0.188
3,1,13,3,0.024
3,1,13,4,0.026
3,1,14,1,0.465
3,1,14,2,0.186
3,1,14,3,0.016
3,1,14,4,0.026
3,1,15,1,0.415
3,1,15,2,0.178
3,1,15,3,0.027
3,1,15,4,0.033
3,2,1,1,0.996
3,2,1,2,0.971
3,2,1,3,0.854
3,2,1,4,0.814
3,2,2,1,0.997
3,2,2,2,0.965
3,2,2,3,0.849
3,2,2,4,0.821
3,2,3,1,0.995
3,2,3,2,0.955
3,2,3,3,0.806
3,2,3,4,0.821
3,2,4,1,0.995
3,2,4,2,0.97
3,2,4,3,0.826
3,2,4,4,0.858
3,2,5,1,0.984
3,2,5,2,0.928
3,2,5,3,0.65
3,2,5,4,0.647
3,2,6,1,0.953
3,2,6,2,0.839
3,2,6,3,0.468
3,2,6,4,0.465
3,2,7,1,0.947
3,2,7,2,0.788
3,2,7,3,0.293
3,2,7,4,0.316
3,2,8,1,0.936
3,2,8,2,0.717
3,2,8,3,0.116
3,2,8,4,0.139
3,2,9,1,0.928
3,2,9,2,0.695
3,2,9,3,0.124
3,2,9,4,0.117
3,2,10,1,0.888
3,2,10,2,0.634
3,2,10,3,0.146
3,2,10,4,0.139
3,2,11,1,0.819
3,2,11,2,0.517
3,2,11,3,0.121
3,2,11,4,0.115
3,2,12,1,0.736
3,2,12,2,0.419
3,2,12,3,0.072
3,2,12,4,0.066
3,2,13,1,0.69
3,2,13,2,0.316
3,2,13,3,0.044
3,2,13,4,0.055
3,2,14,1,0.636
3,2,14,2,0.259
3,2,14,3,0.016
3,2,14,4,0.024
3,2,15,1,0.604
3,2,15,2,0.192
3,2,15,3,0.027
3,2,15,4,0.024
3,3,1,1,0.996
3,3,1,2,0.964
3,3,1,3,0.836
3,3,1,4,0.844
3,3,2,1,0.993
3,3,2,2,0.978
3,3,2,3,0.819
3,3,2,4,0.836
3,3,3,1,0.997
3,3,3,2,0.973
3,3,3,3,0.848
3,3,3,4,0.852
3,3,4,1,0.998
3,3,4,2,0.973
3,3,4,3,0.849
3,3,4,4,0.836
3,3,5,1,0.996
3,3,5,2,0.975
3,3,5,3,0.844
3,3,5,4,0.836
3,3,6,1,0.97
3,3,6,2,0.896
3,3,6,3,0.627
3,3,6,4,0.635
3,3,7,1,0.961
3,3,7,2,0.835
3,3,7,3,0.453
3,3,7,4,0.482
3,3,8,1,0.946
3,3,8,2,0.778
3,3,8,3,0.299
3,3,8,4,0.308
3,3,9,1,0.931
3,3,9,2,0.722
3,3,9,3,0.135
3,3,9,4,0.144
3,3,10,1,0.921
3,3,10,2,0.701
3,3,10,3,0.142
3,3,10,4,0.128
3,3,11,1,0.9
3,3,11,2,0.666
3,3,11,3,0.148
3,3,11,4,0.141
3,3,12,1,0.858
3,3,12,2,0.63
3,3,12,3,0.101
3,3,12,4,0.099
3,3,13,1,0.825
3,3,13,2,0.497
3,3,13,3,0.086
3,3,13,4,0.079
3,3,14,1,0.745
3,3,14,2,0.385
3,3,14,3,0.062
3,3,14,4,0.062
3,3,15,1,0.691
3,3,15,2,0.302
3,3,15,3,0.024
3,3,15,4,0.016
3,4,1,1,0.996
3,4,1,2,0.974
3,4,1,3,0.808
3,4,1,4,0.827
3,4,2,1,0.994
3,4,2,2,0.97
3,4,2,3,0.825
3,4,2,4,0.837
3,4,3,1,0.997
3,4,3,2,0.971
3,4,3,3,0.831
3,4,3,4,0.825
3,4,4,1,0.998
3,4,4,2,0.971
3,4,4,3,0.828
3,4,4,4,0.834
3,4,5,1,0.995
3,4,5,2,0.975
3,4,5,3,0.858
3,4,5,4,0.817
3,4,6,1,0.99
3,4,6,2,0.963
3,4,6,3,0.821
3,4,6,4,0.82
3,4,7,1,0.976
3,4,7,2,0.892
3,4,7,3,0.663
3,4,7,4,0.656
3,4,8,1,0.963
3,4,8,2,0.848
3,4,8,3,0.456
3,4,8,4,0.498
3,4,9,1,0.943
3,4,9,2,0.806
3,4,9,3,0.32
3,4,9,4,0.323
3,4,10,1,0.937
3,4,10,2,0.702
3,4,10,3,0.126
3,4,10,4,0.129
3,4,11,1,0.942
3,4,11,2,0.722
3,4,11,3,0.139
3,4,11,4,0.126
3,4,12,1,0.921
3,4,12,2,0.721
3,4,12,3,0.139
3,4,12,4,0.127
3,4,13,1,0.912
3,4,13,2,0.686
3,4,13,3,0.095
3,4,13,4,0.099
3,4,14,1,0.872
3,4,14,2,0.61
3,4,14,3,0.074
3,4,14,4,0.08
3,4,15,1,0.802
3,4,15,2,0.486
3,4,15,3,0.047
3,4,15,4,0.062
4,0,1,1,1.0
4,0,1,2,0.977
4,0,1,3,0.976
4,0,1,4,0.829
4,0,2,1,0.997
4,0,2,2,0.983
4,0,2,3,0.976
4,0,2,4,0.841
4,0,3,1,0.993
4,0,3,2,0.904
4,0,3,3,0.924
4,0,3,4,0.672
4,0,4,1,0.995
4,0,4,2,0.836
4,0,4,3,0.874
4,0,4,4,0.517
4,0,5,1,0.985
4,0,5,2,0.769
4,0,5,3,0.773
4,0,5,4,0.335
4,0,6,1,0.965
4,0,6,2,0.652
4,0,6,3,0.633
4,0,6,4,0.143
4,0,7,1,0.945
4,0,7,2,0.539
4,0,7,3,0.557
4,0,7,4,0.135
4,0,8,1,0.918
4,0,8,2,0.432
4,0,8,3,0.422
4,0,8,4,0.147
4,0,9,1,0.876
4,0,9,2,0.332
4,0,9,3,0.366
4,0,9,4,0.117
4,0,10,1,0.824
4,0,10,2,0.259
4,0,10,3,0.261
4,0,10,4,0.078
4,0,11,1,0.76
4,0,11,2,0.2
4,0,11,3,0.203
4,0,11,4,0.057
4,0,12,1,0.677
4,0,12,2,0.172
4,0,12,3,0.195
4,0,12,4,0.021
4,0,13,1,0.616
4,0,13,2,0.141
4,0,13,3,0.152
4,0,13,4,0.018
4,0,14,1,0.559
4,0,14,2,0.111
4,0,14,3,0.13
4,0,14,4,0.022
4,0,15,1,0.478
4,0,15,2,0.082
4,0,15,3,0.098
4,0,15,4,0.016
4,1,1,1,0.999
4,1,1,2,0.973
4,1,1,3,0.967
4,1,1,4,0.83
4,1,2,1,0.999
4,1,2,2,0.967
4,1,2,3,0.977
4,1,2,4,0.839
4,1,3,1,1.0
4,1,3,2,0.967
4,1,3,3,0.972
4,1,3,4,0.818
4,1,4,1,0.997
4,1,4,2,0.926
4,1,4,3,0.923
4,1,4,4,0.656
4,1,5,1,0.988
4,1,5,2,0.853
4,1,5,3,0.867
4,1,5,4,0.495
4,1,6,1,0.99
4,1,6,2,0.794
4,1,6,3,0.758
4,1,6,4,0.311
4,1,7,1,0.978
4,1,7,2,0.692
4,1,7,3,0.691
4,1,7,4,0.139
4,1,8,1,0.953
4,1,8,2,0.677
4,1,8,3,0.595
4,1,8,4,0.142
4,1,9,1,0.945
4,1,9,2,0.557
4,1,9,3,0.558
4,1,9,4,0.134
4,1,10,1,0.926
4,1,10,2,0.433
4,1,10,3,0.4
4,1,10,4,0.12
4,1,11,1,0.896
4,1,11,2,0.333
4,1,11,3,0.354
4,1,11,4,0.082
4,1,12,1,0.865
4,1,12,2,0.246
4,1,12,3,0.231
4,1,12,4,0.058
4,1,13,1,0.822
4,1,13,2,0.188
4,1,13,3,0.222
4,1,13,4,0.018
4,1,14,1,0.766
4,1,14,2,0.205
4,1,14,3,0.191
4,1,14,4,0.022
4,1,15,1,0.712
4,1,15,2,0.146
4,1,15,3,0.15
4,1,15,4,0.018
4,2,1,1,1.0
4,2,1,2,0.975
4,2,1,3,0.966
4,2,1,4,0.823
4,2,2,1,1.0
4,2,2,2,0.974
4,2,2,3,0.967
4,2,2,4,0.806
4,2,3,1,1.0
4,2,3,2,0.972
4,2,3,3,0.964
4,2,3,4,0.853
4,2,4,1,1.0
4,2,4,2,0.962
4,2,4,3,0.969
4,2,4,4,0.842
4,2,5,1,0.998
4,2,5,2,0.925
4,2,5,3,0.909
4,2,5,4,0.652
4,2,6,1,0.992
4,2,6,2,0.828
4,2,6,3,0.866
4,2,6,4,0.453
4,2,7,1,0.988
4,2,7,2,0.79
4,2,7,3,0.779
4,2,7,4,0.295
4,2,8,1,0.985
4,2,8,2,0.73
4,2,8,3,0.729
4,2,8,4,0.14
4,2,9,1,0.97
4,2,9,2,0.716
4,2,9,3,0.706
4,2,9,4,0.139
4,2,10,1,0.966
4,2,10,2,0.63
4,2,10,3,0.638
4,2,10,4,0.149
4,2,11,1,0.947
4,2,11,2,0.538
4,2,11,3,0.537
4,2,11,4,0.108
4,2,12,1,0.942
4,2,12,2,0.398
4,2,12,3,0.395
4,2,12,4,0.08
4,2,13,1,0.898
4,2,13,2,0.309
4,2,13,3,0.286
4,2,13,4,0.048
4,2,14,1,0.872
4,2,14,2,0.223
4,2,14,3,0.254
4,2,14,4,0.015
4,2,15,1,0.847
4,2,15,2,0.213
4,2,15,3,0.186
4,2,15,4,0.029
4,3,1,1,0.998
4,3,1,2,0.966
4,3,1,3,0.977
4,3,1,4,0.824
4,3,2,1,0.999
4,3,2,2,0.969
4,3,2,3,0.975
4,3,2,4,0.85
4,3,3,1,0.999
4,3,3,2,0.976
4,3,3,3,0.969
4,3,3,4,0.828
4,3,4,1,0.999
4,3,4,2,0.97
4,3,4,3,0.97
4,3,4,4,0.827
4,3,5,1,1.0
4,3,5,2,0.973
4,3,5,3,0.977
4,3,5,4,0.847
4,3,6,1,0.996
4,3,6,2,0.9
4,3,6,3,0.902
4,3,6,4,0.642
4,3,7,1,0.989
4,3,7,2,0.842
4,3,7,3,0.842
4,3,7,4,0.462
4,3,8,1,0.992
4,3,8,2,0.812
4,3,8,3,0.752
4,3,8,4,0.296
4,3,9,1,0.99
4,3,9,2,0.723
4,3,9,3,0.746
4,3,9,4,0.144
4,3,10,1,0.973
4,3,10,2,0.716
4,3,10,3,0.7
4,3,10,4,0.143
4,3,11,1,0.979
4,3,11,2,0.664
4,3,11,3,0.68
4,3,11,4,0.152
4,3,12,1,0.949
4,3,12,2,0.611
4,3,12,3,0.619
4,3,12,4,0.104
4,3,13,1,0.96
4,3,13,2,0.52
4,3,13,3,0.515
4,3,13,4,0.084
4,3,14,1,0.926
4,3,14,2,0.411
4,3,14,3,0.406
4,3,14,4,0.047
4,3,15,1,0.907
4,3,15,2,0.282
4,3,15,3,0.297
4,3,15,4,0.023
4,4,1,1,1.0
4,4,1,2,0.973
4,4,1,3,0.973
4,4,1,4,0.839
4,4,2,1,0.999
4,4,2,2,0.972
4,4,2,3,0.969
4,4,2,4,0.836
4,4,3,1,1.0
4,4,3,2,0.969
4,4,3,3,0.975
4,4,3,4,0.829
4,4,4,1,0.998
4,4,4,2,0.973
4,4,4,3,0.979
4,4,4,4,0.829
4,4,5,1,0.998
4,4,5,2,0.971
4,4,5,3,0.973
4,4,5,4,0.836
4,4,6,1,1.0
4,4,6,2,0.955
4,4,6,3,0.963
4,4,6,4,0.816
4,4,7,1,0.995
4,4,7,2,0.895
4,4,7,3,0.912
4,4,7,4,0.632
4,4,8,1,0.99
4,4,8,2,0.834
4,4,8,3,0.844
4,4,8,4,0.49
4,4,9,1,0.981
4,4,9,2,0.795
4,4,9,3,0.794
4,4,9,4,0.316
4,4,10,1,0.985
4,4,10,2,0.715
4,4,10,3,0.716
4,4,10,4,0.139
4,4,11,1,0.985
4,4,11,2,0.738
4,4,11,3,0.734
4,4,11,4,0.137
4,4,12,1,0.983
4,4,12,2,0.702
4,4,12,3,0.72
4,4,12,4,0.128
4,4,13,1,0.97
4,4,13,2,0.686
4,4,13,3,0.667
4,4,13,4,0.125
4,4,14,1,0.957
4,4,14,2,0.595
4,4,14,3,0.603
4,4,14,4,0.088
4,4,15,1,0.941
4,4,15,2,0.497
4,4,15,3,0.484
4,4,15,4,0.041
5,0,1,1,0.999
5,0,1,2,0.995
5,0,1,3,0.973
5,0,1,4,0.979
5,0,2,1,1.0
5,0,2,2,0.993
5,0,2,3,0.977
5,0,2,4,0.978
5,0,3,1,0.999
5,0,3,2,0.983
5,0,3,3,0.917
5,0,3,4,0.912
5,0,4,1,0.997
5,0,4,2,0.963
5,0,4,3,0.868
5,0,4,4,0.875
5,0,5,1,0.996
5,0,5,2,0.93
5,0,5,3,0.776
5,0,5,4,0.793
5,0,6,1,0.989
5,0,6,2,0.897
5,0,6,3,0.653
5,0,6,4,0.635
5,0,7,1,0.984
5,0,7,2,0.825
5,0,7,3,0.554
5,0,7,4,0.553
5,0,8,1,0.969
5,0,8,2,0.757
5,0,8,3,0.432
5,0,8,4,0.42
5,0,9,1,0.962
5,0,9,2,0.659
5,0,9,3,0.336
5,0,9,4,0.371
5,0,10,1,0.94
5,0,10,2,0.588
5,0,10,3,0.255
5,0,10,4,0.285
5,0,11,1,0.899
5,0,11,2,0.504
5,0,11,3,0.216
5,0,11,4,0.224
5,0,12,1,0.877
5,0,12,2,0.417
5,0,12,3,0.17
5,0,12,4,0.194
5,0,13,1,0.823
5,0,13,2,0.374
5,0,13,3,0.15
5,0,13,4,0.168
5,0,14,1,0.755
5,0,14,2,0.288
5,0,14,3,0.135
5,0,14,4,0.13
5,0,15,1,0.72
5,0,15,2,0.281
5,0,15,3,0.093
5,0,15,4,0.084
5,1,1,1,1.0
5,1,1,2,0.994
5,1,1,3,0.968
5,1,1,4,0.974
5,1,2,1,1.0
5,1,2,2,0.995
5,1,2,3,0.968
5,1,2,4,0.982
5,1,3,1,1.0
5,1,3,2,0.999
5,1,3,3,0.982
5,1,3,4,0.962
5,1,4,1,1.0
5,1,4,2,0.98
5,1,4,3,0.926
5,1,4,4,0.932
5,1,5,1,1.0
5,1,5,2,0.963
5,1,5,3,0.85
5,1,5,4,0.873
5,1,6,1,0.998
5,1,6,2,0.943
5,1,6,3,0.799
5,1,6,4,0.783
5,1,7,1,0.997
5,1,7,2,0.906
5,1,7,3,0.687
5,1,7,4,0.682
5,1,8,1,0.994
5,1,8,2,0.887
5,1,8,3,0.63
5,1,8,4,0.616
5,1,9,1,0.987
5,1,9,2,0.858
5,1,9,3,0.552
5,1,9,4,0.549
5,1,10,1,0.981
5,1,10,2,0.768
5,1,10,3,0.441
5,1,10,4,0.435
5,1,11,1,0.964
5,1,11,2,0.706
5,1,11,3,0.332
5,1,11,4,0.331
5,1,12,1,0.956
5,1,12,2,0.64
5,1,12,3,0.253
5,1,12,4,0.274
5,1,13,1,0.934
5,1,13,2,0.562
5,1,13,3,0.196
5,1,13,4,0.201
5,1,14,1,0.904
5,1,14,2,0.476
5,1,14,3,0.165
5,1,14,4,0.2
5,1,15,1,0.89
5,1,15,2,0.414
5,1,15,3,0.14
5,1,15,4,0.152
5,2,1,1,1.0
5,2,1,2,0.998
5,2,1,3,0.977
5,2,1,4,0.973
5,2,2,1,1.0
5,2,2,2,0.995
5,2,2,3,0.973
5,2,2,4,0.968
5,2,3,1,0.999
5,2,3,2,0.997
5,2,3,3,0.97
5,2,3,4,0.977
5,2,4,1,1.0
5,2,4,2,0.997
5,2,4,3,0.986
5,2,4,4,0.97
5,2,5,1,1.0
5,2,5,2,0.982
5,2,5,3,0.928
5,2,5,4,0.928
5,2,6,1,0.997
5,2,6,2,0.96
5,2,6,3,0.836
5,2,6,4,0.84
5,2,7,1,0.999
5,2,7,2,0.942
5,2,7,3,0.786
5,2,7,4,0.773
5,2,8,1,0.998
5,2,8,2,0.933
5,2,8,3,0.732
5,2,8,4,0.714
5,2,9,1,0.999
5,2,9,2,0.924
5,2,9,3,0.685
5,2,9,4,0.692
5,2,10,1,0.996
5,2,10,2,0.892
5,2,10,3,0.644
5,2,10,4,0.64
5,2,11,1,0.979
5,2,11,2,0.823
5,2,11,3,0.542
5,2,11,4,0.515
5,2,12,1,0.974
5,2,12,2,0.759
5,2,12,3,0.383
5,2,12,4,0.384
5,2,13,1,0.959
5,2,13,2,0.681
5,2,13,3,0.297
5,2,13,4,0.315
5,2,14,1,0.956
5,2,14,2,0.635
5,2,14,3,0.245
5,2,14,4,0.254
5,2,15,1,0.945
5,2,15,2,0.622
5,2,15,3,0.191
5,2,15,4,0.184
5,3,1,1,1.0
5,3,1,2,0.994
5,3,1,3,0.975
5,3,1,4,0.977
5,3,2,1,1.0
5,3,2,2,0.997
5,3,2,3,0.976
5,3,2,4,0.967
5,3,3,1,1.0
5,3,3,2,0.994
5,3,3,3,0.966
5,3,3,4,0.971
5,3,4,1,0.999
5,3,4,2,0.996
5,3,4,3,0.977
5,3,4,4,0.974
5,3,5,1,1.0
5,3,5,2,0.999
5,3,5,3,0.972
5,3,5,4,0.963
5,3,6,1,0.999
5,3,6,2,0.971
5,3,6,3,0.908
5,3,6,4,0.919
5,3,7,1,0.998
5,3,7,2,0.956
5,3,7,3,0.847
5,3,7,4,0.843
5,3,8,1,0.995
5,3,8,2,0.939
5,3,8,3,0.808
5,3,8,4,0.804
5,3,9,1,0.993
5,3,9,2,0.929
5,3,9,3,0.714
5,3,9,4,0.71
5,3,10,1,0.994
5,3,10,2,0.937
5,3,10,3,0.679
5,3,10,4,0.743
5,3,11,1,0.998
5,3,11,2,0.912
5,3,11,3,0.68
5,3,11,4,0.689
5,3,12,1,0.993
5,3,12,2,0.86
5,3,12,3,0.607
5,3,12,4,0.595
5,3,13,1,0.986
5,3,13,2,0.828
5,3,13,3,0.538
5,3,13,4,0.513
5,3,14,1,0.974
5,3,14,2,0.769
5,3,14,3,0.393
5,3,14,4,0.388
5,3,15,1,0.978
5,3,15,2,0.711
5,3,15,3,0.296
5,3,15,4,0.308
5,4,1,1,1.0
5,4,1,2,0.995
5,4,1,3,0.971
5,4,1,4,0.956
5,4,2,1,1.0
5,4,2,2,0.997
5,4,2,3,0.969
5,4,2,4,0.968
5,4,3,1,1.0
5,4,3,2,0.995
5,4,3,3,0.97
5,4,3,4,0.972
5,4,4,1,1.0
5,4,4,2,0.992
5,4,4,3,0.963
5,4,4,4,0.971
5,4,5,1,1.0
5,4,5,2,0.991
5,4,5,3,0.959
5,4,5,4,0.976
5,4,6,1,1.0
5,4,6,2,0.995
5,4,6,3,0.965
5,4,6,4,0.959
5,4,7,1,0.999
5,4,7,2,0.984
5,4,7,3,0.905
5,4,7,4,0.902
5,4,8,1,0.997
5,4,8,2,0.964
5,4,8,3,0.859
5,4,8,4,0.835
5,4,9,1,0.998
5,4,9,2,0.943
5,4,9,3,0.757
5,4,9,4,0.8
5,4,10,1,0.998
5,4,10,2,0.917
5,4,10,3,0.748
5,4,10,4,0.718
5,4,11,1,0.995
5,4,11,2,0.921
5,4,11,3,0.729
5,4,11,4,0.694
5,4,12,1,0.998
5,4,12,2,0.932
5,4,12,3,0.697
5,4,12,4,0.713
5,4,13,1,0.995
5,4,13,2,0.916
5,4,13,3,0.66
5,4,13,4,0.676
5,4,14,1,0.987
5,4,14,2,0.866
5,4,14,3,0.572
5,4,14,4,0.627
5,4,15,1,0.985
5,4,15,2,0.807
5,4,15,3,0.493
5,4,15,4,0.526
6,0,1,1,1.0
6,0,1,2,0.995
6,0,1,3,0.965
6,0,1,4,0.966
6,0,2,1,1.0
6,0,2,2,0.989
6,0,2,3,0.962
6,0,2,4,0.976
6,0,3,1,0.999
6,0,3,2,0.988
6,0,3,3,0.921
6,0,3,4,0.917
6,0,4,1,1.0
6,0,4,2,0.961
6,0,4,3,0.854
6,0,4,4,0.877
6,0,5,1,1.0
6,0,5,2,0.937
6,0,5,3,0.77
6,0,5,4,0.789
6,0,6,1,1.0
6,0,6,2,0.876
6,0,6,3,0.607
6,0,6,4,0.645
6,0,7,1,0.996
6,0,7,2,0.834
6,0,7,3,0.526
6,0,7,4,0.539
6,0,8,1,0.995
6,0,8,2,0.762
6,0,8,3,0.453
6,0,8,4,0.408
6,0,9,1,0.983
6,0,9,2,0.668
6,0,9,3,0.327
6,0,9,4,0.377
6,0,10,1,0.98
6,0,10,2,0.587
6,0,10,3,0.288
6,0,10,4,0.268
6,0,11,1,0.964
6,0,11,2,0.49
6,0,11,3,0.231
6,0,11,4,0.224
6,0,12,1,0.946
6,0,12,2,0.441
6,0,12,3,0.192
6,0,12,4,0.195
6,0,13,1,0.904
6,0,13,2,0.382
6,0,13,3,0.152
6,0,13,4,0.161
6,0,14,1,0.915
6,0,14,2,0.298
6,0,14,3,0.127
6,0,14,4,0.113
6,0,15,1,0.882
6,0,15,2,0.243
6,0,15,3,0.082
6,0,15,4,0.091
6,1,1,1,1.0
6,1,1,2,0.997
6,1,1,3,0.972
6,1,1,4,0.968
6,1,2,1,1.0
6,1,2,2,0.995
6,1,2,3,0.971
6,1,2,4,0.972
6,1,3,1,1.0
6,1,3,2,0.998
6,1,3,3,0.979
6,1,3,4,0.978
6,1,4,1,1.0
6,1,4,2,0.983
6,1,4,3,0.917
6,1,4,4,0.909
6,1,5,1,0.999
6,1,5,2,0.971
6,1,5,3,0.863
6,1,5,4,0.845
6,1,6,1,1.0
6,1,6,2,0.958
6,1,6,3,0.781
6,1,6,4,0.791
6,1,7,1,1.0
6,1,7,2,0.925
6,1,7,3,0.718
6,1,7,4,0.707
6,1,8,1,0.996
6,1,8,2,0.889
6,1,8,3,0.643
6,1,8,4,0.633
6,1,9,1,0.998
6,1,9,2,0.847
6,1,9,3,0.561
6,1,9,4,0.566
6,1,10,1,0.997
6,1,10,2,0.755
6,1,10,3,0.43
6,1,10,4,0.429
6,1,11,1,0.99
6,1,11,2,0.699
6,1,11,3,0.32
6,1,11,4,0.321
6,1,12,1,0.982
6,1,12,2,0.617
6,1,12,3,0.252
6,1,12,4,0.245
6,1,13,1,0.986
6,1,13,2,0.573
6,1,13,3,0.195
6,1,13,4,0.187
6,1,14,1,0.969
6,1,14,2,0.474
6,1,14,3,0.198
6,1,14,4,0.165
6,1,15,1,0.955
6,1,15,2,0.373
6,1,15,3,0.163
6,1,15,4,0.154
6,2,1,1,1.0
6,2,1,2,0.995
6,2,1,3,0.976
6,2,1,4,0.973
6,2,2,1,1.0
6,2,2,2,0.997
6,2,2,3,0.98
6,2,2,4,0.973
6,2,3,1,1.0
6,2,3,2,0.994
6,2,3,3,0.972
6,2,3,4,0.963
6,2,4,1,1.0
6,2,4,2,0.993
6,2,4,3,0.981
6,2,4,4,0.974
6,2,5,1,1.0
6,2,5,2,0.979
6,2,5,3,0.918
6,2,5,4,0.923
6,2,6,1,1.0
6,2,6,2,0.955
6,2,6,3,0.828
6,2,6,4,0.832
6,2,7,1,1.0
6,2,7,2,0.941
6,2,7,3,0.776
6,2,7,4,0.777
6,2,8,1,1.0
6,2,8,2,0.935
6,2,8,3,0.701
6,2,8,4,0.749
6,2,9,1,0.997
6,2,9,2,0.909
6,2,9,3,0.679
6,2,9,4,0.688
6,2,10,1,0.999
6,2,10,2,0.883
6,2,10,3,0.633
6,2,10,4,0.608
6,2,11,1,0.998
6,2,11,2,0.831
6,2,11,3,0.533
6,2,11,4,0.528
6,2,12,1,0.991
6,2,12,2,0.735
6,2,12,3,0.413
6,2,12,4,0.394
6,2,13,1,0.995
6,2,13,2,0.676
6,2,13,3,0.33
6,2,13,4,0.32
6,2,14,1,0.985
6,2,14,2,0.654
6,2,14,3,0.246
6,2,14,4,0.247
6,2,15,1,0.982
6,2,15,2,0.581
6,2,15,3,0.194
6,2,15,4,0.218
6,3,1,1,1.0
6,3,1,2,0.996
6,3,1,3,0.975
6,3,1,4,0.971
6,3,2,1,1.0
6,3,2,2,0.996
6,3,2,3,0.965
6,3,2,4,0.968
6,3,3,1,1.0
6,3,3,2,0.998
6,3,3,3,0.977
6,3,3,4,0.973
6,3,4,1,1.0
6,3,4,2,0.995
6,3,4,3,0.966
6,3,4,4,0.981
6,3,5,1,1.0
6,3,5,2,0.997
6,3,5,3,0.959
6,3,5,4,0.977
6,3,6,1,1.0
6,3,6,2,0.983
6,3,6,3,0.903
6,3,6,4,0.901
6,3,7,1,1.0
6,3,7,2,0.961
6,3,7,3,0.832
6,3,7,4,0.833
6,3,8,1,1.0
6,3,8,2,0.94
6,3,8,3,0.761
6,3,8,4,0.762
6,3,9,1,1.0
6,3,9,2,0.928
6,3,9,3,0.705
6,3,9,4,0.698
6,3,10,1,1.0
6,3,10,2,0.915
6,3,10,3,0.728
6,3,10,4,0.728
6,3,11,1,1.0
6,3,11,2,0.916
6,3,11,3,0.68
6,3,11,4,0.712
6,3,12,1,0.999
6,3,12,2,0.9
6,3,12,3,0.597
6,3,12,4,0.62
6,3,13,1,0.996
6,3,13,2,0.815
6,3,13,3,0.492
6,3,13,4,0.51
6,3,14,1,0.994
6,3,14,2,0.755
6,3,14,3,0.382
6,3,14,4,0.387
6,3,15,1,0.99
6,3,15,2,0.68
6,3,15,3,0.305
6,3,15,4,0.28
6,4,1,1,1.0
6,4,1,2,0.993
6,4,1,3,0.974
6,4,1,4,0.961
6,4,2,1,1.0
6,4,2,2,0.994
6,4,2,3,0.973
6,4,2,4,0.971
6,4,3,1,1.0
6,4,3,2,0.995
6,4,3,3,0.966
6,4,3,4,0.956
6,4,4,1,1.0
6,4,4,2,0.994
6,4,4,3,0.973
6,4,4,4,0.973
6,4,5,1,1.0
6,4,5,2,0.994
6,4,5,3,0.971
6,4,5,4,0.976
6,4,6,1,1.0
6,4,6,2,0.988
6,4,6,3,0.963
6,4,6,4,0.955
6,4,7,1,0.999
6,4,7,2,0.973
6,4,7,3,0.91
6,4,7,4,0.91
6,4,8,1,0.999
6,4,8,2,0.958
6,4,8,3,0.834
6,4,8,4,0.843
6,4,9,1,1.0
6,4,9,2,0.936
6,4,9,3,0.783
6,4,9,4,0.782
6,4,10,1,1.0
6,4,10,2,0.93
6,4,10,3,0.708
6,4,10,4,0.708
6,4,11,1,0.999
6,4,11,2,0.91
6,4,11,3,0.717
6,4,11,4,0.725
6,4,12,1,1.0
6,4,12,2,0.934
6,4,12,3,0.702
6,4,12,4,0.706
6,4,13,1,0.997
6,4,13,2,0.907
6,4,13,3,0.661
6,4,13,4,0.642
6,4,14,1,0.999
6,4,14,2,0.863
6,4,14,3,0.609
6,4,14,4,0.593
6,4,15,1,0.996
6,4,15,2,0.819
6,4,15,3,0.48
6,4,15,4,0.533
7,0,1,1,1.0
7,0,1,2,1.0
7,0,1,3,0.994
7,0,1,4,0.983
7,0,2,1,1.0
7,0,2,2,1.0
7,0,2,3,0.995
7,0,2,4,0.968
7,0,3,1,1.0
7,0,3,2,0.992
7,0,3,3,0.988
7,0,3,4,0.932
7,0,4,1,1.0
7,0,4,2,0.992
7,0,4,3,0.977
7,0,4,4,0.869
7,0,5,1,1.0
7,0,5,2,0.988
7,0,5,3,0.944
7,0,5,4,0.766
7,0,6,1,0.999
7,0,6,2,0.962
7,0,6,3,0.887
7,0,6,4,0.628
7,0,7,1,1.0
7,0,7,2,0.946
7,0,7,3,0.852
7,0,7,4,0.563
7,0,8,1,0.998
7,0,8,2,0.915
7,0,8,3,0.738
7,0,8,4,0.425
7,0,9,1,0.999
7,0,9,2,0.893
7,0,9,3,0.676
7,0,9,4,0.314
7,0,10,1,0.992
7,0,10,2,0.826
7,0,10,3,0.606
7,0,10,4,0.283
7,0,11,1,0.986
7,0,11,2,0.771
7,0,11,3,0.509
7,0,11,4,0.21
7,0,12,1,0.983
7,0,12,2,0.701
7,0,12,3,0.44
7,0,12,4,0.181
7,0,13,1,0.969
7,0,13,2,0.615
7,0,13,3,0.381
7,0,13,4,0.13
7,0,14,1,0.966
7,0,14,2,0.551
7,0,14,3,0.308
7,0,14,4,0.102
7,0,15,1,0.949
7,0,15,2,0.49
7,0,15,3,0.271
7,0,15,4,0.088
7,1,1,1,1.0
7,1,1,2,0.999
7,1,1,3,0.993
7,1,1,4,0.976
7,1,2,1,1.0
7,1,2,2,1.0
7,1,2,3,0.997
7,1,2,4,0.967
7,1,3,1,1.0
7,1,3,2,0.999
7,1,3,3,0.998
7,1,3,4,0.966
7,1,4,1,1.0
7,1,4,2,0.996
7,1,4,3,0.983
7,1,4,4,0.911
7,1,5,1,1.0
7,1,5,2,0.984
7,1,5,3,0.969
7,1,5,4,0.879
7,1,6,1,1.0
7,1,6,2,0.987
7,1,6,3,0.944
7,1,6,4,0.786
7,1,7,1,1.0
7,1,7,2,0.973
7,1,7,3,0.9
7,1,7,4,0.685
7,1,8,1,1.0
7,1,8,2,0.965
7,1,8,3,0.891
7,1,8,4,0.638
7,1,9,1,1.0
7,1,9,2,0.944
7,1,9,3,0.837
7,1,9,4,0.534
7,1,10,1,1.0
7,1,10,2,0.931
7,1,10,3,0.748
7,1,10,4,0.414
7,1,11,1,0.999
7,1,11,2,0.901
7,1,11,3,0.678
7,1,11,4,0.327
7,1,12,1,0.995
7,1,12,2,0.845
7,1,12,3,0.643
7,1,12,4,0.259
7,1,13,1,0.995
7,1,13,2,0.818
7,1,13,3,0.569
7,1,13,4,0.195
7,1,14,1,0.992
7,1,14,2,0.758
7,1,14,3,0.471
7,1,14,4,0.182
7,1,15,1,0.989
7,1,15,2,0.695
7,1,15,3,0.394
7,1,15,4,0.147
7,2,1,1,1.0
7,2,1,2,0.999
7,2,1,3,0.995
7,2,1,4,0.973
7,2,2,1,1.0
7,2,2,2,0.999
7,2,2,3,0.995
7,2,2,4,0.973
7,2,3,1,1.0
7,2,3,2,0.999
7,2,3,3,0.994
7,2,3,4,0.976
7,2,4,1,1.0
7,2,4,2,0.999
7,2,4,3,0.994
7,2,4,4,0.968
7,2,5,1,1.0
7,2,5,2,0.992
7,2,5,3,0.987
7,2,5,4,0.925
7,2,6,1,1.0
7,2,6,2,0.991
7,2,6,3,0.954
7,2,6,4,0.836
7,2,7,1,1.0
7,2,7,2,0.981
7,2,7,3,0.933
7,2,7,4,0.782
7,2,8,1,0.999
7,2,8,2,0.975
7,2,8,3,0.93
7,2,8,4,0.739
7,2,9,1,1.0
7,2,9,2,0.984
7,2,9,3,0.919
7,2,9,4,0.673
7,2,10,1,1.0
7,2,10,2,0.966
7,2,10,3,0.878
7,2,10,4,0.637
7,2,11,1,1.0
7,2,11,2,0.949
7,2,11,3,0.843
7,2,11,4,0.526
7,2,12,1,0.994
7,2,12,2,0.919
7,2,12,3,0.757
7,2,12,4,0.401
7,2,13,1,0.995
7,2,13,2,0.883
7,2,13,3,0.706
7,2,13,4,0.293
7,2,14,1,0.999
7,2,14,2,0.86
7,2,14,3,0.635
7,2,14,4,0.238
7,2,15,1,0.997
7,2,15,2,0.855
7,2,15,3,0.608
7,2,15,4,0.206
7,3,1,1,1.0
7,3,1,2,1.0
7,3,1,3,0.995
7,3,1,4,0.98
7,3,2,1,1.0
7,3,2,2,1.0
7,3,2,3,0.992
7,3,2,4,0.978
7,3,3,1,1.0
7,3,3,2,0.999
7,3,3,3,0.999
7,3,3,4,0.968
7,3,4,1,1.0
7,3,4,2,0.999
7,3,4,3,0.997
7,3,4,4,0.967
7,3,5,1,1.0
7,3,5,2,0.998
7,3,5,3,0.996
7,3,5,4,0.981
7,3,6,1,1.0
7,3,6,2,0.996
7,3,6,3,0.966
7,3,6,4,0.907
7,3,7,1,1.0
7,3,7,2,0.988
7,3,7,3,0.957
7,3,7,4,0.843
7,3,8,1,1.0
7,3,8,2,0.989
7,3,8,3,0.947
7,3,8,4,0.787
7,3,9,1,1.0
7,3,9,2,0.986
7,3,9,3,0.921
7,3,9,4,0.744
7,3,10,1,0.999
7,3,10,2,0.981
7,3,10,3,0.933
7,3,10,4,0.73
7,3,11,1,0.999
7,3,11,2,0.976
7,3,11,3,0.908
7,3,11,4,0.71
7,3,12,1,0.999
7,3,12,2,0.955
7,3,12,3,0.865
7,3,12,4,0.6
7,3,13,1,0.998
7,3,13,2,0.946
7,3,13,3,0.805
7,3,13,4,0.517
7,3,14,1,0.999
7,3,14,2,0.927
7,3,14,3,0.757
7,3,14,4,0.385
7,3,15,1,0.996
7,3,15,2,0.915
7,3,15,3,0.691
7,3,15,4,0.308
7,4,1,1,1.0
7,4,1,2,0.998
7,4,1,3,0.997
7,4,1,4,0.976
7,4,2,1,1.0
7,4,2,2,0.999
7,4,2,3,0.994
7,4,2,4,0.962
7,4,3,1,1.0
7,4,3,2,0.999
7,4,3,3,0.992
7,4,3,4,0.975
7,4,4,1,1.0
7,4,4,2,1.0
7,4,4,3,0.996
7,4,4,4,0.969
7,4,5,1,1.0
7,4,5,2,0.999
7,4,5,3,0.998
7,4,5,4,0.96
7,4,6,1,1.0
7,4,6,2,0.996
7,4,6,3,0.994
7,4,6,4,0.954
7,4,7,1,1.0
7,4,7,2,0.99
7,4,7,3,0.973
7,4,7,4,0.903
7,4,8,1,1.0
7,4,8,2,0.989
7,4,8,3,0.966
7,4,8,4,0.86
7,4,9,1,1.0
7,4,9,2,0.987
7,4,9,3,0.958
7,4,9,4,0.793
7,4,10,1,1.0
7,4,10,2,0.988
7,4,10,3,0.929
7,4,10,4,0.713
7,4,11,1,1.0
7,4,11,2,0.983
7,4,11,3,0.935
7,4,11,4,0.714
7,4,12,1,1.0
7,4,12,2,0.979
7,4,12,3,0.932
7,4,12,4,0.71
7,4,13,1,1.0
7,4,13,2,0.974
7,4,13,3,0.902
7,4,13,4,0.659
7,4,14,1,1.0
7,4,14,2,0.957
7,4,14,3,0.84
7,4,14,4,0.603
7,4,15,1,0.999
7,4,15,2,0.927
7,4,15,3,0.807
7,4,15,4,0.51
8,0,1,1,1.0
8,0,1,2,0.997
8,0,1,3,0.99
8,0,1,4,0.977
8,0,2,1,1.0
8,0,2,2,1.0
8,0,2,3,0.993
8,0,2,4,0.976
8,0,3,1,1.0
8,0,3,2,0.992
8,0,3,3,0.985
8,0,3,4,0.918
8,0,4,1,1.0
8,0,4,2,0.996
8,0,4,3,0.964
8,0,4,4,0.871
8,0,5,1,1.0
8,0,5,2,0.985
8,0,5,3,0.93
8,0,5,4,0.768
8,0,6,1,1.0
8,0,6,2,0.967
8,0,6,3,0.894
8,0,6,4,0.63
8,0,7,1,1.0
8,0,7,2,0.948
8,0,7,3,0.831
8,0,7,4,0.542
8,0,8,1,1.0
8,0,8,2,0.904
8,0,8,3,0.759
8,0,8,4,0.433
8,0,9,1,0.999
8,0,9,2,0.866
8,0,9,3,0.69
8,0,9,4,0.318
8,0,10,1,0.998
8,0,10,2,0.827
8,0,10,3,0.571
8,0,10,4,0.278
8,0,11,1,0.997
8,0,11,2,0.762
8,0,11,3,0.494
8,0,11,4,0.229
8,0,12,1,0.995
8,0,12,2,0.695
8,0,12,3,0.431
8,0,12,4,0.191
8,0,13,1,0.989
8,0,13,2,0.598
8,0,13,3,0.381
8,0,13,4,0.166
8,0,14,1,0.98
8,0,14,2,0.567
8,0,14,3,0.298
8,0,14,4,0.123
8,0,15,1,0.981
8,0,15,2,0.498
8,0,15,3,0.247
8,0,15,4,0.084
8,1,1,1,1.0
8,1,1,2,0.998
8,1,1,3,0.992
8,1,1,4,0.965
8,1,2,1,1.0
8,1,2,2,0.999
8,1,2,3,0.996
8,1,2,4,0.978
8,1,3,1,1.0
8,1,3,2,0.999
8,1,3,3,0.997
8,1,3,4,0.975
8,1,4,1,0.999
8,1,4,2,0.996
8,1,4,3,0.985
8,1,4,4,0.913
8,1,5,1,1.0
8,1,5,2,0.995
8,1,5,3,0.977
8,1,5,4,0.844
8,1,6,1,1.0
8,1,6,2,0.983
8,1,6,3,0.937
8,1,6,4,0.766
8,1,7,1,1.0
8,1,7,2,0.984
8,1,7,3,0.91
8,1,7,4,0.668
8,1,8,1,1.0
8,1,8,2,0.975
8,1,8,3,0.868
8,1,8,4,0.653
8,1,9,1,1.0
8,1,9,2,0.951
8,1,9,3,0.809
8,1,9,4,0.572
8,1,10,1,1.0
8,1,10,2,0.926
8,1,10,3,0.79
8,1,10,4,0.414
8,1,11,1,1.0
8,1,11,2,0.889
8,1,11,3,0.7
8,1,11,4,0.34
8,1,12,1,0.998
8,1,12,2,0.857
8,1,12,3,0.627
8,1,12,4,0.233
8,1,13,1,0.998
8,1,13,2,0.829
8,1,13,3,0.576
8,1,13,4,0.205
8,1,14,1,0.999
8,1,14,2,0.765
8,1,14,3,0.475
8,1,14,4,0.184
8,1,15,1,0.995
8,1,15,2,0.719
8,1,15,3,0.437
8,1,15,4,0.159
8,2,1,1,1.0
8,2,1,2,0.999
8,2,1,3,0.99
8,2,1,4,0.967
8,2,2,1,1.0
8,2,2,2,1.0
8,2,2,3,0.994
8,2,2,4,0.959
8,2,3,1,1.0
8,2,3,2,0.999
8,2,3,3,0.995
8,2,3,4,0.967
8,2,4,1,1.0
8,2,4,2,0.999
8,2,4,3,0.995
8,2,4,4,0.97
8,2,5,1,1.0
8,2,5,2,0.995
8,2,5,3,0.975
8,2,5,4,0.915
8,2,6,1,1.0
8,2,6,2,0.988
8,2,6,3,0.959
8,2,6,4,0.867
8,2,7,1,1.0
8,2,7,2,0.983
8,2,7,3,0.939
8,2,7,4,0.768
8,2,8,1,1.0
8,2,8,2,0.993
8,2,8,3,0.92
8,2,8,4,0.729
8,2,9,1,1.0
8,2,9,2,0.974
8,2,9,3,0.894
8,2,9,4,0.69
8,2,10,1,1.0
8,2,10,2,0.975
8,2,10,3,0.904
8,2,10,4,0.628
8,2,11,1,1.0
8,2,11,2,0.944
8,2,11,3,0.817
8,2,11,4,0.538
8,2,12,1,0.999
8,2,12,2,0.914
8,2,12,3,0.739
8,2,12,4,0.359
8,2,13,1,0.998
8,2,13,2,0.909
8,2,13,3,0.682
8,2,13,4,0.311
8,2,14,1,0.999
8,2,14,2,0.872
8,2,14,3,0.652
8,2,14,4,0.255
8,2,15,1,0.996
8,2,15,2,0.846
8,2,15,3,0.605
8,2,15,4,0.229
8,3,1,1,1.0
8,3,1,2,0.998
8,3,1,3,0.998
8,3,1,4,0.976
8,3,2,1,1.0
8,3,2,2,1.0
8,3,2,3,0.997
8,3,2,4,0.979
8,3,3,1,1.0
8,3,3,2,1.0
8,3,3,3,0.996
8,3,3,4,0.976
8,3,4,1,1.0
8,3,4,2,1.0
8,3,4,3,0.994
8,3,4,4,0.972
8,3,5,1,1.0
8,3,5,2,0.999
8,3,5,3,0.995
8,3,5,4,0.968
8,3,6,1,1.0
8,3,6,2,0.995
8,3,6,3,0.971
8,3,6,4,0.903
8,3,7,1,1.0
8,3,7,2,0.989
8,3,7,3,0.969
8,3,7,4,0.839
8,3,8,1,1.0
8,3,8,2,0.98
8,3,8,3,0.938
8,3,8,4,0.757
8,3,9,1,1.0
8,3,9,2,0.983
8,3,9,3,0.93
8,3,9,4,0.75
8,3,10,1,1.0
8,3,10,2,0.981
8,3,10,3,0.926
8,3,10,4,0.744
8,3,11,1,0.999
8,3,11,2,0.976
8,3,11,3,0.902
8,3,11,4,0.69
8,3,12,1,1.0
8,3,12,2,0.967
8,3,12,3,0.869
8,3,12,4,0.606
8,3,13,1,0.999
8,3,13,2,0.947
8,3,13,3,0.82
8,3,13,4,0.5
8,3,14,1,1.0
8,3,14,2,0.916
8,3,14,3,0.755
8,3,14,4,0.38
8,3,15,1,0.999
8,3,15,2,0.884
8,3,15,3,0.672
8,3,15,4,0.289
8,4,1,1,1.0
8,4,1,2,0.998
8,4,1,3,0.997
8,4,1,4,0.967
8,4,2,1,1.0
8,4,2,2,1.0
8,4,2,3,0.994
8,4,2,4,0.983
8,4,3,1,1.0
8,4,3,2,1.0
8,4,3,3,0.995
8,4,3,4,0.97
8,4,4,1,1.0
8,4,4,2,0.997
8,4,4,3,0.999
8,4,4,4,0.97
8,4,5,1,1.0
8,4,5,2,0.999
8,4,5,3,0.996
8,4,5,4,0.971
8,4,6,1,1.0
8,4,6,2,0.997
8,4,6,3,0.994
8,4,6,4,0.96
8,4,7,1,1.0
8,4,7,2,0.992
8,4,7,3,0.971
8,4,7,4,0.914
8,4,8,1,1.0
8,4,8,2,0.991
8,4,8,3,0.973
8,4,8,4,0.852
8,4,9,1,1.0
8,4,9,2,0.977
8,4,9,3,0.936
8,4,9,4,0.799
8,4,10,1,1.0
8,4,10,2,0.984
8,4,10,3,0.921
8,4,10,4,0.695
8,4,11,1,1.0
8,4,11,2,0.985
8,4,11,3,0.935
8,4,11,4,0.722
8,4,12,1,1.0
8,4,12,2,0.977
8,4,12,3,0.918
8,4,12,4,0.717
8,4,13,1,1.0
8,4,13,2,0.976
8,4,13,3,0.896
8,4,13,4,0.663
8,4,14,1,1.0
8,4,14,2,0.971
8,4,14,3,0.876
8,4,14,4,0.62
8,4,15,1,1.0
8,4,15,2,0.948
8,4,15,3,0.824
8,4,15,4,0.504
9,0,1,1,1.0
9,0,1,2,0.999
9,0,1,3,0.994
9,0,1,4,0.996
9,0,2,1,1.0
9,0,2,2,1.0
9,0,2,3,0.992
9,0,2,4,0.996
9,0,3,1,1.0
9,0,3,2,0.998
9,0,3,3,0.981
9,0,3,4,0.978
9,0,4,1,1.0
9,0,4,2,1.0
9,0,4,3,0.967
9,0,4,4,0.959
9,0,5,1,1.0
9,0,5,2,0.999
9,0,5,3,0.926
9,0,5,4,0.931
9,0,6,1,1.0
9,0,6,2,0.995
9,0,6,3,0.874
9,0,6,4,0.877
9,0,7,1,1.0
9,0,7,2,0.985
9,0,7,3,0.833
9,0,7,4,0.844
9,0,8,1,1.0
9,0,8,2,0.972
9,0,8,3,0.734
9,0,8,4,0.764
9,0,9,1,1.0
9,0,9,2,0.951
9,0,9,3,0.678
9,0,9,4,0.691
9,0,10,1,0.999
9,0,10,2,0.936
9,0,10,3,0.575
9,0,10,4,0.568
9,0,11,1,1.0
9,0,11,2,0.91
9,0,11,3,0.508
9,0,11,4,0.508
9,0,12,1,0.998
9,0,12,2,0.873
9,0,12,3,0.432
9,0,12,4,0.414
9,0,13,1,0.999
9,0,13,2,0.802
9,0,13,3,0.329
9,0,13,4,0.357
9,0,14,1,0.995
9,0,14,2,0.767
9,0,14,3,0.292
9,0,14,4,0.313
9,0,15,1,0.988
9,0,15,2,0.735
9,0,15,3,0.265
9,0,15,4,0.276
9,1,1,1,1.0
9,1,1,2,1.0
9,1,1,3,0.995
9,1,1,4,0.997
9,1,2,1,1.0
9,1,2,2,1.0
9,1,2,3,0.993
9,1,2,4,0.993
9,1,3,1,1.0
9,1,3,2,1.0
9,1,3,3,0.995
9,1,3,4,0.996
9,1,4,1,1.0
9,1,4,2,0.999
9,1,4,3,0.985
9,1,4,4,0.978
9,1,5,1,1.0
9,1,5,2,1.0
9,1,5,3,0.957
9,1,5,4,0.965
9,1,6,1,1.0
9,1,6,2,0.994
9,1,6,3,0.935
9,1,6,4,0.947
9,1,7,1,1.0
9,1,7,2,0.994
9,1,7,3,0.915
9,1,7,4,0.91
9,1,8,1,1.0
9,1,8,2,0.994
9,1,8,3,0.879
9,1,8,4,0.899
9,1,9,1,1.0
9,1,9,2,0.986
9,1,9,3,0.825
9,1,9,4,0.841
9,1,10,1,1.0
9,1,10,2,0.976
9,1,10,3,0.759
9,1,10,4,0.738
9,1,11,1,0.999
9,1,11,2,0.961
9,1,11,3,0.698
9,1,11,4,0.715
9,1,12,1,0.999
9,1,12,2,0.958
9,1,12,3,0.645
9,1,12,4,0.637
9,1,13,1,1.0
9,1,13,2,0.936
9,1,13,3,0.537
9,1,13,4,0.555
9,1,14,1,0.999
9,1,14,2,0.924
9,1,14,3,0.489
9,1,14,4,0.49
9,1,15,1,0.998
9,1,15,2,0.88
9,1,15,3,0.424
9,1,15,4,0.423
9,2,1,1,1.0
9,2,1,2,0.998
9,2,1,3,0.994
9,2,1,4,0.99
9,2,2,1,1.0
9,2,2,2,1.0
9,2,2,3,0.998
9,2,2,4,0.994
9,2,3,1,1.0
9,2,3,2,0.999
9,2,3,3,0.993
9,2,3,4,0.996
9,2,4,1,1.0
9,2,4,2,1.0
9,2,4,3,0.995
9,2,4,4,0.994
9,2,5,1,1.0
9,2,5,2,0.999
9,2,5,3,0.984
9,2,5,4,0.98
9,2,6,1,1.0
9,2,6,2,0.996
9,2,6,3,0.96
9,2,6,4,0.967
9,2,7,1,1.0
9,2,7,2,0.996
9,2,7,3,0.96
9,2,7,4,0.941
9,2,8,1,1.0
9,2,8,2,0.995
9,2,8,3,0.922
9,2,8,4,0.921
9,2,9,1,1.0
9,2,9,2,0.996
9,2,9,3,0.926
9,2,9,4,0.903
9,2,10,1,1.0
9,2,10,2,0.99
9,2,10,3,0.863
9,2,10,4,0.886
9,2,11,1,1.0
9,2,11,2,0.985
9,2,11,3,0.835
9,2,11,4,0.836
9,2,12,1,1.0
9,2,12,2,0.972
9,2,12,3,0.761
9,2,12,4,0.772
9,2,13,1,1.0
9,2,13,2,0.97
9,2,13,3,0.698
9,2,13,4,0.687
9,2,14,1,1.0
9,2,14,2,0.964
9,2,14,3,0.675
9,2,14,4,0.636
9,2,15,1,0.999
9,2,15,2,0.955
9,2,15,3,0.586
9,2,15,4,0.592
9,3,1,1,1.0
9,3,1,2,1.0
9,3,1,3,0.99
9,3,1,4,0.997
9,3,2,1,1.0
9,3,2,2,0.999
9,3,2,3,0.996
9,3,2,4,0.994
9,3,3,1,1.0
9,3,3,2,1.0
9,3,3,3,0.997
9,3,3,4,0.995
9,3,4,1,1.0
9,3,4,2,1.0
9,3,4,3,0.995
9,3,4,4,0.994
9,3,5,1,1.0
9,3,5,2,1.0
9,3,5,3,0.995
9,3,5,4,0.995
9,3,6,1,1.0
9,3,6,2,0.998
9,3,6,3,0.972
9,3,6,4,0.979
9,3,7,1,1.0
9,3,7,2,0.996
9,3,7,3,0.957
9,3,7,4,0.965
9,3,8,1,1.0
9,3,8,2,0.999
9,3,8,3,0.932
9,3,8,4,0.948
9,3,9,1,1.0
9,3,9,2,0.998
9,3,9,3,0.927
9,3,9,4,0.931
9,3,10,1,0.999
9,3,10,2,0.993
9,3,10,3,0.934
9,3,10,4,0.936
9,3,11,1,1.0
9,3,11,2,0.998
9,3,11,3,0.905
9,3,11,4,0.91
9,3,12,1,1.0
9,3,12,2,0.988
9,3,12,3,0.856
9,3,12,4,0.891
9,3,13,1,1.0
9,3,13,2,0.981
9,3,13,3,0.801
9,3,13,4,0.795
9,3,14,1,1.0
9,3,14,2,0.975
9,3,14,3,0.753
9,3,14,4,0.737
9,3,15,1,1.0
9,3,15,2,0.967
9,3,15,3,0.688
9,3,15,4,0.722
9,4,1,1,1.0
9,4,1,2,1.0
9,4,1,3,0.992
9,4,1,4,0.993
9,4,2,1,1.0
9,4,2,2,1.0
9,4,2,3,0.994
9,4,2,4,0.995
9,4,3,1,1.0
9,4,3,2,1.0
9,4,3,3,0.994
9,4,3,4,0.996
9,4,4,1,1.0
9,4,4,2,1.0
9,4,4,3,0.995
9,4,4,4,0.995
9,4,5,1,1.0
9,4,5,2,1.0
9,4,5,3,0.997
9,4,5,4,0.993
9,4,6,1,1.0
9,4,6,2,1.0
9,4,6,3,0.988
9,4,6,4,0.992
9,4,7,1,1.0
9,4,7,2,0.998
9,4,7,3,0.979
9,4,7,4,0.987
9,4,8,1,1.0
9,4,8,2,0.998
9,4,8,3,0.958
9,4,8,4,0.957
9,4,9,1,1.0
9,4,9,2,0.996
9,4,9,3,0.932
9,4,9,4,0.945
9,4,10,1,1.0
9,4,10,2,0.995
9,4,10,3,0.921
9,4,10,4,0.929
9,4,11,1,1.0
9,4,11,2,0.994
9,4,11,3,0.928
9,4,11,4,0.902
9,4,12,1,1.0
9,4,12,2,0.998
9,4,12,3,0.918
9,4,12,4,0.926
9,4,13,1,0.999
9,4,13,2,0.996
9,4,13,3,0.918
9,4,13,4,0.907
9,4,14,1,1.0
9,4,14,2,0.99
9,4,14,3,0.857
9,4,14,4,0.888
9,4,15,1,1.0
9,4,15,2,0.982
9,4,15,3,0.804
9,4,15,4,0.815
10,0,1,1,1.0
10,0,1,2,1.0
10,0,1,3,1.0
10,0,1,4,0.995
10,0,2,1,1.0
10,0,2,2,1.0
10,0,2,3,0.999
10,0,2,4,0.996
10,0,3,1,1.0
10,0,3,2,1.0
10,0,3,3,0.994
10,0,3,4,0.981
10,0,4,1,1.0
10,0,4,2,0.996
10,0,4,3,0.995
10,0,4,4,0.965
10,0,5,1,1.0
10,0,5,2,0.994
10,0,5,3,0.982
10,0,5,4,0.942
10,0,6,1,0.999
10,0,6,2,0.99
10,0,6,3,0.97
10,0,6,4,0.894
10,0,7,1,1.0
10,0,7,2,0.981
10,0,7,3,0.953
10,0,7,4,0.809
10,0,8,1,1.0
10,0,8,2,0.969
10,0,8,3,0.926
10,0,8,4,0.745
10,0,9,1,1.0
10,0,9,2,0.963
10,0,9,3,0.877
10,0,9,4,0.657
10,0,10,1,0.999
10,0,10,2,0.936
10,0,10,3,0.807
10,0,10,4,0.614
10,0,11,1,1.0
10,0,11,2,0.903
10,0,11,3,0.74
10,0,11,4,0.495
10,0,12,1,0.999
10,0,12,2,0.877
10,0,12,3,0.695
10,0,12,4,0.421
10,0,13,1,1.0
10,0,13,2,0.817
10,0,13,3,0.617
10,0,13,4,0.366
10,0,14,1,0.999
10,0,14,2,0.775
10,0,14,3,0.546
10,0,14,4,0.298
10,0,15,1,0.997
10,0,15,2,0.719
10,0,15,3,0.523
10,0,15,4,0.245
10,1,1,1,1.0
10,1,1,2,1.0
10,1,1,3,1.0
10,1,1,4,0.997
10,1,2,1,1.0
10,1,2,2,1.0
10,1,2,3,1.0
10,1,2,4,0.99
10,1,3,1,1.0
10,1,3,2,1.0
10,1,3,3,0.999
10,1,3,4,0.994
10,1,4,1,1.0
10,1,4,2,0.998
10,1,4,3,0.999
10,1,4,4,0.984
10,1,5,1,1.0
10,1,5,2,0.999
10,1,5,3,0.992
10,1,5,4,0.962
10,1,6,1,1.0
10,1,6,2,0.999
10,1,6,3,0.989
10,1,6,4,0.941
10,1,7,1,1.0
10,1,7,2,0.996
10,1,7,3,0.979
10,1,7,4,0.917
10,1,8,1,1.0
10,1,8,2,0.985
10,1,8,3,0.966
10,1,8,4,0.869
10,1,9,1,1.0
10,1,9,2,0.986
10,1,9,3,0.943
10,1,9,4,0.835
10,1,10,1,1.0
10,1,10,2,0.973
10,1,10,3,0.927
10,1,10,4,0.767
10,1,11,1,1.0
10,1,11,2,0.97
10,1,11,3,0.881
10,1,11,4,0.677
10,1,12,1,1.0
10,1,12,2,0.962
10,1,12,3,0.846
10,1,12,4,0.644
10,1,13,1,1.0
10,1,13,2,0.924
10,1,13,3,0.824
10,1,13,4,0.558
10,1,14,1,1.0
10,1,14,2,0.913
10,1,14,3,0.768
10,1,14,4,0.475
10,1,15,1,1.0
10,1,15,2,0.886
10,1,15,3,0.714
10,1,15,4,0.414
10,2,1,1,1.0
10,2,1,2,1.0
10,2,1,3,0.998
10,2,1,4,0.996
10,2,2,1,1.0
10,2,2,2,1.0
10,2,2,3,0.998
10,2,2,4,0.993
10,2,3,1,1.0
10,2,3,2,1.0
10,2,3,3,0.997
10,2,3,4,0.993
10,2,4,1,1.0
10,2,4,2,1.0
10,2,4,3,1.0
10,2,4,4,0.991
10,2,5,1,1.0
10,2,5,2,1.0
10,2,5,3,0.997
10,2,5,4,0.986
10,2,6,1,1.0
10,2,6,2,0.999
10,2,6,3,0.992
10,2,6,4,0.967
10,2,7,1,1.0
10,2,7,2,0.996
10,2,7,3,0.992
10,2,7,4,0.951
10,2,8,1,1.0
10,2,8,2,0.993
10,2,8,3,0.985
10,2,8,4,0.92
10,2,9,1,1.0
10,2,9,2,0.994
10,2,9,3,0.979
10,2,9,4,0.914
10,2,10,1,1.0
10,2,10,2,0.992
10,2,10,3,0.966
10,2,10,4,0.885
10,2,11,1,1.0
10,2,11,2,0.985
10,2,11,3,0.936
10,2,11,4,0.834
10,2,12,1,1.0
10,2,12,2,0.973
10,2,12,3,0.918
10,2,12,4,0.761
10,2,13,1,1.0
10,2,13,2,0.975
10,2,13,3,0.901
10,2,13,4,0.707
10,2,14,1,1.0
10,2,14,2,0.955
10,2,14,3,0.899
10,2,14,4,0.638
10,2,15,1,1.0
10,2,15,2,0.94
10,2,15,3,0.831
10,2,15,4,0.58
10,3,1,1,1.0
10,3,1,2,1.0
10,3,1,3,0.999
10,3,1,4,0.991
10,3,2,1,1.0
10,3,2,2,0.999
10,3,2,3,0.999
10,3,2,4,0.992
10,3,3,1,1.0
10,3,3,2,1.0
10,3,3,3,0.999
10,3,3,4,0.996
10,3,4,1,1.0
10,3,4,2,1.0
10,3,4,3,0.999
10,3,4,4,0.996
10,3,5,1,1.0
10,3,5,2,1.0
10,3,5,3,1.0
10,3,5,4,0.993
10,3,6,1,1.0
10,3,6,2,1.0
10,3,6,3,0.993
10,3,6,4,0.978
10,3,7,1,1.0
10,3,7,2,0.998
10,3,7,3,0.992
10,3,7,4,0.957
10,3,8,1,1.0
10,3,8,2,0.997
10,3,8,3,0.987
10,3,8,4,0.951
10,3,9,1,1.0
10,3,9,2,0.993
10,3,9,3,0.976
10,3,9,4,0.938
10,3,10,1,1.0
10,3,10,2,0.995
10,3,10,3,0.989
10,3,10,4,0.933
10,3,11,1,1.0
10,3,11,2,0.992
10,3,11,3,0.972
10,3,11,4,0.918
10,3,12,1,1.0
10,3,12,2,0.997
10,3,12,3,0.963
10,3,12,4,0.878
10,3,13,1,1.0
10,3,13,2,0.985
10,3,13,3,0.937
10,3,13,4,0.841
10,3,14,1,1.0
10,3,14,2,0.978
10,3,14,3,0.914
10,3,14,4,0.765
10,3,15,1,1.0
10,3,15,2,0.967
10,3,15,3,0.89
10,3,15,4,0.691
10,4,1,1,1.0
10,4,1,2,1.0
10,4,1,3,1.0
10,4,1,4,0.996
10,4,2,1,1.0
10,4,2,2,1.0
10,4,2,3,0.999
10,4,2,4,0.994
10,4,3,1,1.0
10,4,3,2,1.0
10,4,3,3,0.999
10,4,3,4,0.998
10,4,4,1,1.0
10,4,4,2,1.0
10,4,4,3,0.999
10,4,4,4,0.997
10,4,5,1,1.0
10,4,5,2,1.0
10,4,5,3,1.0
10,4,5,4,0.994
10,4,6,1,1.0
10,4,6,2,1.0
10,4,6,3,1.0
10,4,6,4,0.991
10,4,7,1,1.0
10,4,7,2,0.999
10,4,7,3,0.999
10,4,7,4,0.978
10,4,8,1,1.0
10,4,8,2,0.999
10,4,8,3,0.991
10,4,8,4,0.955
10,4,9,1,1.0
10,4,9,2,0.995
10,4,9,3,0.985
10,4,9,4,0.956
10,4,10,1,1.0
10,4,10,2,0.996
10,4,10,3,0.989
10,4,10,4,0.928
10,4,11,1,1.0
10,4,11,2,0.997
10,4,11,3,0.988
10,4,11,4,0.921
10,4,12,1,1.0
10,4,12,2,0.992
10,4,12,3,0.981
10,4,12,4,0.908
10,4,13,1,1.0
10,4,13,2,0.992
10,4,13,3,0.98
10,4,13,4,0.895
10,4,14,1,1.0
10,4,14,2,0.987
10,4,14,3,0.962
10,4,14,4,0.847
10,4,15,1,1.0
10,4,15,2,0.984
10,4,15,3,0.937
10,4,15,4,0.807
11,0,1,1,1.0
11,0,1,2,1.0
11,0,1,3,1.0
11,0,1,4,0.995
11,0,2,1,1.0
11,0,2,2,1.0
11,0,2,3,0.999
11,0,2,4,0.996
11,0,3,1,1.0
11,0,3,2,1.0
11,0,3,3,0.994
11,0,3,4,0.976
11,0,4,1,1.0
11,0,4,2,1.0
11,0,4,3,0.991
11,0,4,4,0.967
11,0,5,1,1.0
11,0,5,2,1.0
11,0,5,3,0.983
11,0,5,4,0.947
11,0,6,1,1.0
11,0,6,2,0.999
11,0,6,3,0.974
11,0,6,4,0.889
11,0,7,1,1.0
11,0,7,2,0.995
11,0,7,3,0.946
11,0,7,4,0.845
11,0,8,1,1.0
11,0,8,2,0.994
11,0,8,3,0.902
11,0,8,4,0.758
11,0,9,1,1.0
11,0,9,2,0.987
11,0,9,3,0.892
11,0,9,4,0.678
11,0,10,1,1.0
11,0,10,2,0.986
11,0,10,3,0.817
11,0,10,4,0.601
11,0,11,1,1.0
11,0,11,2,0.968
11,0,11,3,0.795
11,0,11,4,0.519
11,0,12,1,1.0
11,0,12,2,0.951
11,0,12,3,0.72
11,0,12,4,0.423
11,0,13,1,1.0
11,0,13,2,0.931
11,0,13,3,0.621
11,0,13,4,0.348
11,0,14,1,1.0
11,0,14,2,0.897
11,0,14,3,0.551
11,0,14,4,0.323
11,0,15,1,1.0
11,0,15,2,0.849
11,0,15,3,0.502
11,0,15,4,0.275
11,1,1,1,1.0
11,1,1,2,1.0
11,1,1,3,1.0
11,1,1,4,0.998
11,1,2,1,1.0
11,1,2,2,1.0
11,1,2,3,0.997
11,1,2,4,0.996
11,1,3,1,1.0
11,1,3,2,1.0
11,1,3,3,1.0
11,1,3,4,0.996
11,1,4,1,1.0
11,1,4,2,1.0
11,1,4,3,1.0
11,1,4,4,0.974
11,1,5,1,1.0
11,1,5,2,1.0
11,1,5,3,0.993
11,1,5,4,0.968
11,1,6,1,1.0
11,1,6,2,0.999
11,1,6,3,0.989
11,1,6,4,0.938
11,1,7,1,1.0
11,1,7,2,1.0
11,1,7,3,0.985
11,1,7,4,0.903
11,1,8,1,1.0
11,1,8,2,0.997
11,1,8,3,0.959
11,1,8,4,0.875
11,1,9,1,1.0
11,1,9,2,0.993
11,1,9,3,0.942
11,1,9,4,0.842
11,1,10,1,1.0
11,1,10,2,0.995
11,1,10,3,0.929
11,1,10,4,0.759
11,1,11,1,1.0
11,1,11,2,0.99
11,1,11,3,0.89
11,1,11,4,0.703
11,1,12,1,1.0
11,1,12,2,0.986
11,1,12,3,0.864
11,1,12,4,0.607
11,1,13,1,1.0
11,1,13,2,0.971
11,1,13,3,0.831
11,1,13,4,0.559
11,1,14,1,1.0
11,1,14,2,0.972
11,1,14,3,0.751
11,1,14,4,0.48
11,1,15,1,1.0
11,1,15,2,0.959
11,1,15,3,0.69
11,1,15,4,0.415
11,2,1,1,1.0
11,2,1,2,1.0
11,2,1,3,1.0
11,2,1,4,0.998
11,2,2,1,1.0
11,2,2,2,1.0
11,2,2,3,1.0
11,2,2,4,0.998
11,2,3,1,1.0
11,2,3,2,1.0
11,2,3,3,0.998
11,2,3,4,0.997
11,2,4,1,1.0
11,2,4,2,1.0
11,2,4,3,1.0
11,2,4,4,0.999
11,2,5,1,1.0
11,2,5,2,1.0
11,2,5,3,0.995
11,2,5,4,0.986
11,2,6,1,1.0
11,2,6,2,0.999
11,2,6,3,0.991
11,2,6,4,0.961
11,2,7,1,1.0
11,2,7,2,0.999
11,2,7,3,0.992
11,2,7,4,0.93
11,2,8,1,1.0
11,2,8,2,1.0
11,2,8,3,0.981
11,2,8,4,0.925
11,2,9,1,1.0
11,2,9,2,1.0
11,2,9,3,0.979
11,2,9,4,0.914
11,2,10,1,1.0
11,2,10,2,0.998
11,2,10,3,0.968
11,2,10,4,0.877
11,2,11,1,1.0
11,2,11,2,0.996
11,2,11,3,0.946
11,2,11,4,0.854
11,2,12,1,1.0
11,2,12,2,0.997
11,2,12,3,0.911
11,2,12,4,0.75
11,2,13,1,1.0
11,2,13,2,0.996
11,2,13,3,0.904
11,2,13,4,0.69
11,2,14,1,1.0
11,2,14,2,0.984
11,2,14,3,0.869
11,2,14,4,0.666
11,2,15,1,1.0
11,2,15,2,0.986
11,2,15,3,0.86
11,2,15,4,0.577
11,3,1,1,1.0
11,3,1,2,1.0
11,3,1,3,0.999
11,3,1,4,0.994
11,3,2,1,1.0
11,3,2,2,1.0
11,3,2,3,0.999
11,3,2,4,0.998
11,3,3,1,1.0
11,3,3,2,1.0
11,3,3,3,0.998
11,3,3,4,0.999
11,3,4,1,1.0
11,3,4,2,1.0
11,3,4,3,1.0
11,3,4,4,0.996
11,3,5,1,1.0
11,3,5,2,1.0
11,3,5,3,0.999
11,3,5,4,0.996
11,3,6,1,1.0
11,3,6,2,1.0
11,3,6,3,0.993
11,3,6,4,0.973
11,3,7,1,1.0
11,3,7,2,0.999
11,3,7,3,0.993
11,3,7,4,0.948
11,3,8,1,1.0
11,3,8,2,1.0
11,3,8,3,0.989
11,3,8,4,0.945
11,3,9,1,1.0
11,3,9,2,0.997
11,3,9,3,0.976
11,3,9,4,0.92
11,3,10,1,1.0
11,3,10,2,0.999
11,3,10,3,0.982
11,3,10,4,0.925
11,3,11,1,1.0
11,3,11,2,1.0
11,3,11,3,0.979
11,3,11,4,0.891
11,3,12,1,1.0
11,3,12,2,0.996
11,3,12,3,0.964
11,3,12,4,0.866
11,3,13,1,1.0
11,3,13,2,0.993
11,3,13,3,0.944
11,3,13,4,0.808
11,3,14,1,1.0
11,3,14,2,0.994
11,3,14,3,0.9
11,3,14,4,0.752
11,3,15,1,1.0
11,3,15,2,0.999
11,3,15,3,0.9
11,3,15,4,0.73
11,4,1,1,1.0
11,4,1,2,1.0
11,4,1,3,1.0
11,4,1,4,0.991
11,4,2,1,1.0
11,4,2,2,1.0
11,4,2,3,1.0
11,4,2,4,0.996
11,4,3,1,1.0
11,4,3,2,1.0
11,4,3,3,0.999
11,4,3,4,0.999
11,4,4,1,1.0
11,4,4,2,1.0
11,4,4,3,1.0
11,4,4,4,0.995
11,4,5,1,1.0
11,4,5,2,1.0
11,4,5,3,1.0
11,4,5,4,0.996
11,4,6,1,1.0
11,4,6,2,1.0
11,4,6,3,1.0
11,4,6,4,0.994
11,4,7,1,1.0
11,4,7,2,1.0
11,4,7,3,0.995
11,4,7,4,0.976
11,4,8,1,1.0
11,4,8,2,1.0
11,4,8,3,0.989
11,4,8,4,0.966
11,4,9,1,1.0
11,4,9,2,1.0
11,4,9,3,0.989
11,4,9,4,0.935
11,4,10,1,1.0
11,4,10,2,0.998
11,4,10,3,0.988
11,4,10,4,0.917
11,4,11,1,1.0
11,4,11,2,1.0
11,4,11,3,0.98
11,4,11,4,0.936
11,4,12,1,1.0
11,4,12,2,1.0
11,4,12,3,0.974
11,4,12,4,0.919
11,4,13,1,1.0
11,4,13,2,0.998
11,4,13,3,0.961
11,4,13,4,0.907
11,4,14,1,1.0
11,4,14,2,0.996
11,4,14,3,0.951
11,4,14,4,0.85
11,4,15,1,1.0
11,4,15,2,0.995
11,4,15,3,0.944
11,4,15,4,0.818
12,0,1,1,1.0
12,0,1,2,1.0
12,0,1,3,1.0
12,0,1,4,0.994
12,0,2,1,1.0
12,0,2,2,1.0
12,0,2,3,0.999
12,0,2,4,0.998
12,0,3,1,1.0
12,0,3,2,1.0
12,0,3,3,0.995
12,0,3,4,0.987
12,0,4,1,1.0
12,0,4,2,0.997
12,0,4,3,0.992
12,0,4,4,0.97
12,0,5,1,1.0
12,0,5,2,1.0
12,0,5,3,0.98
12,0,5,4,0.925
12,0,6,1,1.0
12,0,6,2,0.998
12,0,6,3,0.969
12,0,6,4,0.896
12,0,7,1,1.0
12,0,7,2,0.998
12,0,7,3,0.957
12,0,7,4,0.832
12,0,8,1,1.0
12,0,8,2,0.998
12,0,8,3,0.91
12,0,8,4,0.765
12,0,9,1,1.0
12,0,9,2,0.984
12,0,9,3,0.87
12,0,9,4,0.685
12,0,10,1,1.0
12,0,10,2,0.971
12,0,10,3,0.816
12,0,10,4,0.611
12,0,11,1,1.0
12,0,11,2,0.966
12,0,11,3,0.758
12,0,11,4,0.519
12,0,12,1,1.0
12,0,12,2,0.946
12,0,12,3,0.709
12,0,12,4,0.423
12,0,13,1,1.0
12,0,13,2,0.921
12,0,13,3,0.619
12,0,13,4,0.345
12,0,14,1,0.999
12,0,14,2,0.9
12,0,14,3,0.554
12,0,14,4,0.284
12,0,15,1,1.0
12,0,15,2,0.856
12,0,15,3,0.486
12,0,15,4,0.232
12,1,1,1,1.0
12,1,1,2,1.0
12,1,1,3,1.0
12,1,1,4,0.997
12,1,2,1,1.0
12,1,2,2,1.0
12,1,2,3,0.999
12,1,2,4,0.995
12,1,3,1,1.0
12,1,3,2,1.0
12,1,3,3,1.0
12,1,3,4,0.999
12,1,4,1,1.0
12,1,4,2,1.0
12,1,4,3,0.998
12,1,4,4,0.988
12,1,5,1,1.0
12,1,5,2,1.0
12,1,5,3,0.997
12,1,5,4,0.962
12,1,6,1,1.0
12,1,6,2,0.999
12,1,6,3,0.984
12,1,6,4,0.925
12,1,7,1,1.0
12,1,7,2,1.0
12,1,7,3,0.984
12,1,7,4,0.917
12,1,8,1,1.0
12,1,8,2,0.999
12,1,8,3,0.974
12,1,8,4,0.87
12,1,9,1,1.0
12,1,9,2,0.998
12,1,9,3,0.96
12,1,9,4,0.828
12,1,10,1,1.0
12,1,10,2,0.995
12,1,10,3,0.919
12,1,10,4,0.752
12,1,11,1,1.0
12,1,11,2,0.984
12,1,11,3,0.894
12,1,11,4,0.693
12,1,12,1,1.0
12,1,12,2,0.977
12,1,12,3,0.87
12,1,12,4,0.632
12,1,13,1,1.0
12,1,13,2,0.982
12,1,13,3,0.803
12,1,13,4,0.532
12,1,14,1,1.0
12,1,14,2,0.97
12,1,14,3,0.795
12,1,14,4,0.46
12,1,15,1,1.0
12,1,15,2,0.957
12,1,15,3,0.681
12,1,15,4,0.431
12,2,1,1,1.0
12,2,1,2,1.0
12,2,1,3,1.0
12,2,1,4,0.996
12,2,2,1,1.0
12,2,2,2,1.0
12,2,2,3,1.0
12,2,2,4,0.995
12,2,3,1,1.0
12,2,3,2,1.0
12,2,3,3,1.0
12,2,3,4,0.993
12,2,4,1,1.0
12,2,4,2,1.0
12,2,4,3,0.998
12,2,4,4,0.994
12,2,5,1,1.0
12,2,5,2,1.0
12,2,5,3,0.994
12,2,5,4,0.98
12,2,6,1,1.0
12,2,6,2,0.999
12,2,6,3,0.991
12,2,6,4,0.966
12,2,7,1,1.0
12,2,7,2,1.0
12,2,7,3,0.989
12,2,7,4,0.941
12,2,8,1,1.0
12,2,8,2,0.999
12,2,8,3,0.982
12,2,8,4,0.924
12,2,9,1,1.0
12,2,9,2,0.998
12,2,9,3,0.975
12,2,9,4,0.923
12,2,10,1,1.0
12,2,10,2,0.998
12,2,10,3,0.957
12,2,10,4,0.881
12,2,11,1,1.0
12,2,11,2,0.998
12,2,11,3,0.935
12,2,11,4,0.824
12,2,12,1,1.0
12,2,12,2,0.994
12,2,12,3,0.923
12,2,12,4,0.739
12,2,13,1,1.0
12,2,13,2,0.994
12,2,13,3,0.909
12,2,13,4,0.688
12,2,14,1,1.0
12,2,14,2,0.99
12,2,14,3,0.858
12,2,14,4,0.65
12,2,15,1,1.0
12,2,15,2,0.982
12,2,15,3,0.837
12,2,15,4,0.629
12,3,1,1,1.0
12,3,1,2,1.0
12,3,1,3,1.0
12,3,1,4,0.995
12,3,2,1,1.0
12,3,2,2,1.0
12,3,2,3,0.999
12,3,2,4,0.997
12,3,3,1,1.0
12,3,3,2,1.0
12,3,3,3,1.0
12,3,3,4,0.996
12,3,4,1,1.0
12,3,4,2,1.0
12,3,4,3,0.999
12,3,4,4,0.995
12,3,5,1,1.0
12,3,5,2,1.0
12,3,5,3,1.0
12,3,5,4,0.996
12,3,6,1,1.0
12,3,6,2,1.0
12,3,6,3,0.996
12,3,6,4,0.985
12,3,7,1,1.0
12,3,7,2,0.999
12,3,7,3,0.991
12,3,7,4,0.958
12,3,8,1,1.0
12,3,8,2,1.0
12,3,8,3,0.983
12,3,8,4,0.952
12,3,9,1,1.0
12,3,9,2,0.998
12,3,9,3,0.98
12,3,9,4,0.913
12,3,10,1,1.0
12,3,10,2,0.999
12,3,10,3,0.986
12,3,10,4,0.94
12,3,11,1,1.0
12,3,11,2,0.998
12,3,11,3,0.965
12,3,11,4,0.911
12,3,12,1,1.0
12,3,12,2,0.997
12,3,12,3,0.962
12,3,12,4,0.869
12,3,13,1,1.0
12,3,13,2,0.994
12,3,13,3,0.949
12,3,13,4,0.825
12,3,14,1,1.0
12,3,14,2,0.997
12,3,14,3,0.914
12,3,14,4,0.766
12,3,15,1,1.0
12,3,15,2,0.984
12,3,15,3,0.907
12,3,15,4,0.676
12,4,1,1,1.0
12,4,1,2,0.999
12,4,1,3,0.999
12,4,1,4,0.996
12,4,2,1,1.0
12,4,2,2,1.0
12,4,2,3,0.999
12,4,2,4,0.993
12,4,3,1,1.0
12,4,3,2,1.0
12,4,3,3,0.999
12,4,3,4,0.993
12,4,4,1,1.0
12,4,4,2,1.0
12,4,4,3,1.0
12,4,4,4,0.993
12,4,5,1,1.0
12,4,5,2,1.0
12,4,5,3,0.999
12,4,5,4,0.992
12,4,6,1,1.0
12,4,6,2,1.0
12,4,6,3,0.996
12,4,6,4,0.996
12,4,7,1,1.0
12,4,7,2,1.0
12,4,7,3,0.991
12,4,7,4,0.985
12,4,8,1,1.0
12,4,8,2,1.0
12,4,8,3,0.992
12,4,8,4,0.955
12,4,9,1,1.0
12,4,9,2,0.999
12,4,9,3,0.983
12,4,9,4,0.931
12,4,10,1,1.0
12,4,10,2,0.999
12,4,10,3,0.981
12,4,10,4,0.928
12,4,11,1,1.0
12,4,11,2,0.999
12,4,11,3,0.978
12,4,11,4,0.933
12,4,12,1,1.0
12,4,12,2,1.0
12,4,12,3,0.989
12,4,12,4,0.933
12,4,13,1,1.0
12,4,13,2,0.999
12,4,13,3,0.968
12,4,13,4,0.91
12,4,14,1,1.0
12,4,14,2,0.997
12,4,14,3,0.96
12,4,14,4,0.861
12,4,15,1,1.0
12,4,15,2,0.997
12,4,15,3,0.942
12,4,15,4,0.79
13,0,1,1,1.0
13,0,1,2,1.0
13,0,1,3,1.0
13,0,1,4,0.999
13,0,2,1,1.0
13,0,2,2,1.0
13,0,2,3,1.0
13,0,2,4,0.999
13,0,3,1,1.0
13,0,3,2,1.0
13,0,3,3,1.0
13,0,3,4,0.997
13,0,4,1,1.0
13,0,4,2,1.0
13,0,4,3,1.0
13,0,4,4,0.991
13,0,5,1,1.0
13,0,5,2,1.0
13,0,5,3,1.0
13,0,5,4,0.981
13,0,6,1,1.0
13,0,6,2,0.999
13,0,6,3,0.991
13,0,6,4,0.961
13,0,7,1,1.0
13,0,7,2,0.999
13,0,7,3,0.985
13,0,7,4,0.95
13,0,8,1,1.0
13,0,8,2,0.997
13,0,8,3,0.974
13,0,8,4,0.914
13,0,9,1,1.0
13,0,9,2,0.995
13,0,9,3,0.955
13,0,9,4,0.864
13,0,10,1,1.0
13,0,10,2,0.995
13,0,10,3,0.932
13,0,10,4,0.799
13,0,11,1,1.0
13,0,11,2,0.985
13,0,11,3,0.911
13,0,11,4,0.758
13,0,12,1,1.0
13,0,12,2,0.99
13,0,12,3,0.847
13,0,12,4,0.694
13,0,13,1,1.0
13,0,13,2,0.967
13,0,13,3,0.837
13,0,13,4,0.603
13,0,14,1,1.0
13,0,14,2,0.961
13,0,14,3,0.759
13,0,14,4,0.549
13,0,15,1,1.0
13,0,15,2,0.938
13,0,15,3,0.692
13,0,15,4,0.477
13,1,1,1,1.0
13,1,1,2,1.0
13,1,1,3,1.0
13,1,1,4,0.998
13,1,2,1,1.0
13,1,2,2,1.0
13,1,2,3,1.0
13,1,2,4,0.999
13,1,3,1,1.0
13,1,3,2,1.0
13,1,3,3,1.0
13,1,3,4,1.0
13,1,4,1,1.0
13,1,4,2,1.0
13,1,4,3,0.999
13,1,4,4,0.999
13,1,5,1,1.0
13,1,5,2,0.999
13,1,5,3,1.0
13,1,5,4,0.994
13,1,6,1,1.0
13,1,6,2,1.0
13,1,6,3,0.997
13,1,6,4,0.99
13,1,7,1,1.0
13,1,7,2,0.999
13,1,7,3,0.995
13,1,7,4,0.969
13,1,8,1,1.0
13,1,8,2,1.0
13,1,8,3,0.992
13,1,8,4,0.966
13,1,9,1,1.0
13,1,9,2,0.999
13,1,9,3,0.984
13,1,9,4,0.952
13,1,10,1,1.0
13,1,10,2,0.999
13,1,10,3,0.978
13,1,10,4,0.907
13,1,11,1,1.0
13,1,11,2,0.997
13,1,11,3,0.964
13,1,11,4,0.891
13,1,12,1,1.0
13,1,12,2,0.996
13,1,12,3,0.944
13,1,12,4,0.837
13,1,13,1,1.0
13,1,13,2,0.997
13,1,13,3,0.931
13,1,13,4,0.806
13,1,14,1,1.0
13,1,14,2,0.99
13,1,14,3,0.902
13,1,14,4,0.754
13,1,15,1,1.0
13,1,15,2,0.984
13,1,15,3,0.883
13,1,15,4,0.71
13,2,1,1,1.0
13,2,1,2,1.0
13,2,1,3,1.0
13,2,1,4,0.999
13,2,2,1,1.0
13,2,2,2,1.0
13,2,2,3,1.0
13,2,2,4,1.0
13,2,3,1,1.0
13,2,3,2,1.0
13,2,3,3,1.0
13,2,3,4,1.0
13,2,4,1,1.0
13,2,4,2,1.0
13,2,4,3,0.999
13,2,4,4,0.999
13,2,5,1,1.0
13,2,5,2,1.0
13,2,5,3,0.999
13,2,5,4,0.998
13,2,6,1,1.0
13,2,6,2,0.999
13,2,6,3,0.997
13,2,6,4,0.989
13,2,7,1,1.0
13,2,7,2,1.0
13,2,7,3,0.994
13,2,7,4,0.99
13,2,8,1,1.0
13,2,8,2,1.0
13,2,8,3,0.998
13,2,8,4,0.991
13,2,9,1,1.0
13,2,9,2,1.0
13,2,9,3,0.993
13,2,9,4,0.976
13,2,10,1,1.0
13,2,10,2,1.0
13,2,10,3,0.995
13,2,10,4,0.96
13,2,11,1,1.0
13,2,11,2,0.998
13,2,11,3,0.989
13,2,11,4,0.95
13,2,12,1,1.0
13,2,12,2,0.999
13,2,12,3,0.978
13,2,12,4,0.915
13,2,13,1,1.0
13,2,13,2,0.995
13,2,13,3,0.96
13,2,13,4,0.907
13,2,14,1,1.0
13,2,14,2,0.998
13,2,14,3,0.961
13,2,14,4,0.873
13,2,15,1,1.0
13,2,15,2,0.995
13,2,15,3,0.945
13,2,15,4,0.835
13,3,1,1,1.0
13,3,1,2,1.0
13,3,1,3,1.0
13,3,1,4,0.998
13,3,2,1,1.0
13,3,2,2,1.0
13,3,2,3,0.999
13,3,2,4,1.0
13,3,3,1,1.0
13,3,3,2,1.0
13,3,3,3,1.0
13,3,3,4,1.0
13,3,4,1,1.0
13,3,4,2,1.0
13,3,4,3,1.0
13,3,4,4,1.0
13,3,5,1,1.0
13,3,5,2,1.0
13,3,5,3,1.0
13,3,5,4,1.0
13,3,6,1,1.0
13,3,6,2,1.0
13,3,6,3,1.0
13,3,6,4,0.999
13,3,7,1,1.0
13,3,7,2,1.0
13,3,7,3,0.995
13,3,7,4,0.989
13,3,8,1,1.0
13,3,8,2,1.0
13,3,8,3,0.998
13,3,8,4,0.975
13,3,9,1,1.0
13,3,9,2,0.999
13,3,9,3,0.995
13,3,9,4,0.98
13,3,10,1,1.0
13,3,10,2,1.0
13,3,10,3,0.996
13,3,10,4,0.983
13,3,11,1,1.0
13,3,11,2,1.0
13,3,11,3,0.993
13,3,11,4,0.973
13,3,12,1,1.0
13,3,12,2,0.997
13,3,12,3,0.99
13,3,12,4,0.965
13,3,13,1,1.0
13,3,13,2,0.999
13,3,13,3,0.986
13,3,13,4,0.945
13,3,14,1,1.0
13,3,14,2,1.0
13,3,14,3,0.975
13,3,14,4,0.922
13,3,15,1,1.0
13,3,15,2,0.998
13,3,15,3,0.971
13,3,15,4,0.904
13,4,1,1,1.0
13,4,1,2,1.0
13,4,1,3,1.0
13,4,1,4,1.0
13,4,2,1,1.0
13,4,2,2,1.0
13,4,2,3,1.0
13,4,2,4,1.0
13,4,3,1,1.0
13,4,3,2,1.0
13,4,3,3,1.0
13,4,3,4,0.999
13,4,4,1,1.0
13,4,4,2,1.0
13,4,4,3,1.0
13,4,4,4,1.0
13,4,5,1,1.0
13,4,5,2,1.0
13,4,5,3,1.0
13,4,5,4,1.0
13,4,6,1,1.0
13,4,6,2,1.0
13,4,6,3,0.999
13,4,6,4,0.999
13,4,7,1,1.0
13,4,7,2,1.0
13,4,7,3,0.996
13,4,7,4,0.996
13,4,8,1,1.0
13,4,8,2,1.0
13,4,8,3,0.995
13,4,8,4,0.995
13,4,9,1,1.0
13,4,9,2,1.0
13,4,9,3,0.998
13,4,9,4,0.981
13,4,10,1,1.0
13,4,10,2,1.0
13,4,10,3,0.996
13,4,10,4,0.987
13,4,11,1,1.0
13,4,11,2,1.0
13,4,11,3,0.998
13,4,11,4,0.982
13,4,12,1,1.0
13,4,12,2,1.0
13,4,12,3,0.998
13,4,12,4,0.976
13,4,13,1,1.0
13,4,13,2,0.999
13,4,13,3,0.993
13,4,13,4,0.978
13,4,14,1,1.0
13,4,14,2,1.0
13,4,14,3,0.991
13,4,14,4,0.975
13,4,15,1,1.0
13,4,15,2,1.0
13,4,15,3,0.986
13,4,15,4,0.957
14,0,1,1,1.0
14,0,1,2,1.0
14,0,1,3,1.0
14,0,1,4,0.999
14,0,2,1,1.0
14,0,2,2,1.0
14,0,2,3,1.0
14,0,2,4,1.0
14,0,3,1,1.0
14,0,3,2,1.0
14,0,3,3,0.996
14,0,3,4,0.993
14,0,4,1,1.0
14,0,4,2,1.0
14,0,4,3,0.998
14,0,4,4,0.992
14,0,5,1,1.0
14,0,5,2,1.0
14,0,5,3,0.996
14,0,5,4,0.984
14,0,6,1,1.0
14,0,6,2,0.999
14,0,6,3,0.99
14,0,6,4,0.97
14,0,7,1,1.0
14,0,7,2,0.999
14,0,7,3,0.981
14,0,7,4,0.936
14,0,8,1,1.0
14,0,8,2,0.999
14,0,8,3,0.967
14,0,8,4,0.912
14,0,9,1,1.0
14,0,9,2,0.994
14,0,9,3,0.957
14,0,9,4,0.859
14,0,10,1,1.0
14,0,10,2,0.99
14,0,10,3,0.931
14,0,10,4,0.829
14,0,11,1,1.0
14,0,11,2,0.991
14,0,11,3,0.912
14,0,11,4,0.785
14,0,12,1,1.0
14,0,12,2,0.981
14,0,12,3,0.878
14,0,12,4,0.672
14,0,13,1,1.0
14,0,13,2,0.959
14,0,13,3,0.813
14,0,13,4,0.621
14,0,14,1,1.0
14,0,14,2,0.954
14,0,14,3,0.759
14,0,14,4,0.542
14,0,15,1,1.0
14,0,15,2,0.935
14,0,15,3,0.727
14,0,15,4,0.483
14,1,1,1,1.0
14,1,1,2,1.0
14,1,1,3,1.0
14,1,1,4,0.999
14,1,2,1,1.0
14,1,2,2,1.0
14,1,2,3,1.0
14,1,2,4,1.0
14,1,3,1,1.0
14,1,3,2,1.0
14,1,3,3,0.999
14,1,3,4,0.999
14,1,4,1,1.0
14,1,4,2,1.0
14,1,4,3,0.997
14,1,4,4,1.0
14,1,5,1,1.0
14,1,5,2,1.0
14,1,5,3,1.0
14,1,5,4,0.994
14,1,6,1,1.0
14,1,6,2,1.0
14,1,6,3,0.996
14,1,6,4,0.992
14,1,7,1,1.0
14,1,7,2,1.0
14,1,7,3,0.998
14,1,7,4,0.977
14,1,8,1,1.0
14,1,8,2,0.998
14,1,8,3,0.991
14,1,8,4,0.968
14,1,9,1,1.0
14,1,9,2,0.998
14,1,9,3,0.985
14,1,9,4,0.95
14,1,10,1,1.0
14,1,10,2,0.998
14,1,10,3,0.976
14,1,10,4,0.915
14,1,11,1,1.0
14,1,11,2,0.998
14,1,11,3,0.968
14,1,11,4,0.891
14,1,12,1,1.0
14,1,12,2,0.998
14,1,12,3,0.954
14,1,12,4,0.847
14,1,13,1,1.0
14,1,13,2,0.996
14,1,13,3,0.937
14,1,13,4,0.813
14,1,14,1,1.0
14,1,14,2,0.986
14,1,14,3,0.898
14,1,14,4,0.749
14,1,15,1,1.0
14,1,15,2,0.988
14,1,15,3,0.865
14,1,15,4,0.686
14,2,1,1,1.0
14,2,1,2,1.0
14,2,1,3,1.0
14,2,1,4,0.998
14,2,2,1,1.0
14,2,2,2,1.0
14,2,2,3,0.999
14,2,2,4,1.0
14,2,3,1,1.0
14,2,3,2,1.0
14,2,3,3,0.999
14,2,3,4,1.0
14,2,4,1,1.0
14,2,4,2,1.0
14,2,4,3,1.0
14,2,4,4,0.999
14,2,5,1,1.0
14,2,5,2,1.0
14,2,5,3,1.0
14,2,5,4,0.997
14,2,6,1,1.0
14,2,6,2,1.0
14,2,6,3,0.998
14,2,6,4,0.99
14,2,7,1,1.0
14,2,7,2,1.0
14,2,7,3,0.994
14,2,7,4,0.995
14,2,8,1,1.0
14,2,8,2,1.0
14,2,8,3,0.995
14,2,8,4,0.978
14,2,9,1,1.0
14,2,9,2,1.0
14,2,9,3,0.999
14,2,9,4,0.979
14,2,10,1,1.0
14,2,10,2,1.0
14,2,10,3,0.99
14,2,10,4,0.966
14,2,11,1,1.0
14,2,11,2,1.0
14,2,11,3,0.991
14,2,11,4,0.952
14,2,12,1,1.0
14,2,12,2,0.996
14,2,12,3,0.976
14,2,12,4,0.921
14,2,13,1,1.0
14,2,13,2,0.999
14,2,13,3,0.961
14,2,13,4,0.908
14,2,14,1,1.0
14,2,14,2,0.997
14,2,14,3,0.966
14,2,14,4,0.9
14,2,15,1,1.0
14,2,15,2,1.0
14,2,15,3,0.937
14,2,15,4,0.835
14,3,1,1,1.0
14,3,1,2,1.0
14,3,1,3,1.0
14,3,1,4,1.0
14,3,2,1,1.0
14,3,2,2,1.0
14,3,2,3,1.0
14,3,2,4,0.998
14,3,3,1,1.0
14,3,3,2,1.0
14,3,3,3,1.0
14,3,3,4,1.0
14,3,4,1,1.0
14,3,4,2,1.0
14,3,4,3,1.0
14,3,4,4,1.0
14,3,5,1,1.0
14,3,5,2,1.0
14,3,5,3,1.0
14,3,5,4,1.0
14,3,6,1,1.0
14,3,6,2,1.0
14,3,6,3,0.999
14,3,6,4,0.991
14,3,7,1,1.0
14,3,7,2,1.0
14,3,7,3,0.999
14,3,7,4,0.986
14,3,8,1,1.0
14,3,8,2,1.0
14,3,8,3,0.999
14,3,8,4,0.989
14,3,9,1,1.0
14,3,9,2,1.0
14,3,9,3,0.994
14,3,9,4,0.978
14,3,10,1,1.0
14,3,10,2,1.0
14,3,10,3,0.994
14,3,10,4,0.984
14,3,11,1,1.0
14,3,11,2,0.999
14,3,11,3,0.997
14,3,11,4,0.986
14,3,12,1,1.0
14,3,12,2,0.999
14,3,12,3,0.988
14,3,12,4,0.953
14,3,13,1,1.0
14,3,13,2,1.0
14,3,13,3,0.987
14,3,13,4,0.939
14,3,14,1,1.0
14,3,14,2,0.998
14,3,14,3,0.975
14,3,14,4,0.922
14,3,15,1,1.0
14,3,15,2,0.996
14,3,15,3,0.971
14,3,15,4,0.885
14,4,1,1,1.0
14,4,1,2,1.0
14,4,1,3,1.0
14,4,1,4,0.999
14,4,2,1,1.0
14,4,2,2,1.0
14,4,2,3,1.0
14,4,2,4,1.0
14,4,3,1,1.0
14,4,3,2,1.0
14,4,3,3,1.0
14,4,3,4,0.999
14,4,4,1,1.0
14,4,4,2,1.0
14,4,4,3,1.0
14,4,4,4,1.0
14,4,5,1,1.0
14,4,5,2,1.0
14,4,5,3,1.0
14,4,5,4,1.0
14,4,6,1,1.0
14,4,6,2,1.0
14,4,6,3,1.0
14,4,6,4,0.996
14,4,7,1,1.0
14,4,7,2,1.0
14,4,7,3,0.999
14,4,7,4,0.995
14,4,8,1,1.0
14,4,8,2,1.0
14,4,8,3,0.996
14,4,8,4,0.996
14,4,9,1,1.0
14,4,9,2,1.0
14,4,9,3,0.997
14,4,9,4,0.991
14,4,10,1,1.0
14,4,10,2,1.0
14,4,10,3,0.996
14,4,10,4,0.979
14,4,11,1,1.0
14,4,11,2,1.0
14,4,11,3,0.998
14,4,11,4,0.988
14,4,12,1,1.0
14,4,12,2,0.999
14,4,12,3,0.996
14,4,12,4,0.974
14,4,13,1,1.0
14,4,13,2,1.0
14,4,13,3,0.993
14,4,13,4,0.974
14,4,14,1,1.0
14,4,14,2,0.999
14,4,14,3,0.991
14,4,14,4,0.953
14,4,15,1,1.0
14,4,15,2,1.0
14,4,15,3,0.988
14,4,15,4,0.951
15,0,1,1,1.0
15,0,1,2,1.0
15,0,1,3,1.0
15,0,1,4,1.0
15,0,2,1,1.0
15,0,2,2,1.0
15,0,2,3,1.0
15,0,2,4,0.998
15,0,3,1,1.0
15,0,3,2,1.0
15,0,3,3,0.999
15,0,3,4,0.991
15,0,4,1,1.0
15,0,4,2,1.0
15,0,4,3,0.999
15,0,4,4,0.995
15,0,5,1,1.0
15,0,5,2,1.0
15,0,5,3,0.992
15,0,5,4,0.982
15,0,6,1,1.0
15,0,6,2,1.0
15,0,6,3,0.995
15,0,6,4,0.966
15,0,7,1,1.0
15,0,7,2,0.999
15,0,7,3,0.983
15,0,7,4,0.955
15,0,8,1,1.0
15,0,8,2,1.0
15,0,8,3,0.976
15,0,8,4,0.917
15,0,9,1,1.0
15,0,9,2,0.999
15,0,9,3,0.965
15,0,9,4,0.87
15,0,10,1,1.0
15,0,10,2,0.999
15,0,10,3,0.93
15,0,10,4,0.807
15,0,11,1,1.0
15,0,11,2,0.997
15,0,11,3,0.914
15,0,11,4,0.797
15,0,12,1,1.0
15,0,12,2,0.995
15,0,12,3,0.863
15,0,12,4,0.682
15,0,13,1,1.0
15,0,13,2,0.994
15,0,13,3,0.809
15,0,13,4,0.617
15,0,14,1,1.0
15,0,14,2,0.989
15,0,14,3,0.746
15,0,14,4,0.567
15,0,15,1,1.0
15,0,15,2,0.985
15,0,15,3,0.714
15,0,15,4,0.477
15,1,1,1,1.0
15,1,1,2,1.0
15,1,1,3,1.0
15,1,1,4,1.0
15,1,2,1,1.0
15,1,2,2,1.0
15,1,2,3,1.0
15,1,2,4,1.0
15,1,3,1,1.0
15,1,3,2,1.0
15,1,3,3,1.0
15,1,3,4,1.0
15,1,4,1,1.0
15,1,4,2,1.0
15,1,4,3,1.0
15,1,4,4,0.995
15,1,5,1,1.0
15,1,5,2,1.0
15,1,5,3,0.997
15,1,5,4,0.992
15,1,6,1,1.0
15,1,6,2,1.0
15,1,6,3,0.997
15,1,6,4,0.98
15,1,7,1,1.0
15,1,7,2,1.0
15,1,7,3,0.995
15,1,7,4,0.975
15,1,8,1,1.0
15,1,8,2,1.0
15,1,8,3,0.987
15,1,8,4,0.964
15,1,9,1,1.0
15,1,9,2,1.0
15,1,9,3,0.99
15,1,9,4,0.961
15,1,10,1,1.0
15,1,10,2,1.0
15,1,10,3,0.979
15,1,10,4,0.931
15,1,11,1,1.0
15,1,11,2,1.0
15,1,11,3,0.965
15,1,11,4,0.892
15,1,12,1,1.0
15,1,12,2,1.0
15,1,12,3,0.947
15,1,12,4,0.856
15,1,13,1,1.0
15,1,13,2,0.999
15,1,13,3,0.929
15,1,13,4,0.802
15,1,14,1,1.0
15,1,14,2,0.997
15,1,14,3,0.903
15,1,14,4,0.763
15,1,15,1,1.0
15,1,15,2,0.996
15,1,15,3,0.881
15,1,15,4,0.7
15,2,1,1,1.0
15,2,1,2,1.0
15,2,1,3,1.0
15,2,1,4,0.998
15,2,2,1,1.0
15,2,2,2,1.0
15,2,2,3,1.0
15,2,2,4,0.999
15,2,3,1,1.0
15,2,3,2,1.0
15,2,3,3,0.999
15,2,3,4,0.999
15,2,4,1,1.0
15,2,4,2,1.0
15,2,4,3,1.0
15,2,4,4,1.0
15,2,5,1,1.0
15,2,5,2,1.0
15,2,5,3,0.999
15,2,5,4,0.997
15,2,6,1,1.0
15,2,6,2,1.0
15,2,6,3,0.998
15,2,6,4,0.994
15,2,7,1,1.0
15,2,7,2,1.0
15,2,7,3,0.996
15,2,7,4,0.988
15,2,8,1,1.0
15,2,8,2,0.999
15,2,8,3,0.997
15,2,8,4,0.982
15,2,9,1,1.0
15,2,9,2,1.0
15,2,9,3,0.995
15,2,9,4,0.976
15,2,10,1,1.0
15,2,10,2,1.0
15,2,10,3,0.991
15,2,10,4,0.968
15,2,11,1,1.0
15,2,11,2,1.0
15,2,11,3,0.988
15,2,11,4,0.946
15,2,12,1,1.0
15,2,12,2,1.0
15,2,12,3,0.98
15,2,12,4,0.925
15,2,13,1,1.0
15,2,13,2,0.997
15,2,13,3,0.97
15,2,13,4,0.883
15,2,14,1,1.0
15,2,14,2,0.998
15,2,14,3,0.952
15,2,14,4,0.865
15,2,15,1,1.0
15,2,15,2,0.999
15,2,15,3,0.954
15,2,15,4,0.859
15,3,1,1,1.0
15,3,1,2,1.0
15,3,1,3,0.999
15,3,1,4,1.0
15,3,2,1,1.0
15,3,2,2,1.0
15,3,2,3,1.0
15,3,2,4,0.999
15,3,3,1,1.0
15,3,3,2,1.0
15,3,3,3,1.0
15,3,3,4,0.999
15,3,4,1,1.0
15,3,4,2,1.0
15,3,4,3,1.0
15,3,4,4,1.0
15,3,5,1,1.0
15,3,5,2,1.0
15,3,5,3,1.0
15,3,5,4,1.0
15,3,6,1,1.0
15,3,6,2,1.0
15,3,6,3,1.0
15,3,6,4,0.994
15,3,7,1,1.0
15,3,7,2,1.0
15,3,7,3,0.998
15,3,7,4,0.991
15,3,8,1,1.0
15,3,8,2,1.0
15,3,8,3,0.997
15,3,8,4,0.986
15,3,9,1,1.0
15,3,9,2,1.0
15,3,9,3,0.999
15,3,9,4,0.986
15,3,10,1,1.0
15,3,10,2,1.0
15,3,10,3,0.996
15,3,10,4,0.98
15,3,11,1,1.0
15,3,11,2,1.0
15,3,11,3,0.989
15,3,11,4,0.981
15,3,12,1,1.0
15,3,12,2,1.0
15,3,12,3,0.99
15,3,12,4,0.962
15,3,13,1,1.0
15,3,13,2,1.0
15,3,13,3,0.985
15,3,13,4,0.943
15,3,14,1,1.0
15,3,14,2,1.0
15,3,14,3,0.983
15,3,14,4,0.916
15,3,15,1,1.0
15,3,15,2,0.999
15,3,15,3,0.963
15,3,15,4,0.882
15,4,1,1,1.0
15,4,1,2,1.0
15,4,1,3,1.0
15,4,1,4,0.997
15,4,2,1,1.0
15,4,2,2,1.0
15,4,2,3,1.0
15,4,2,4,0.997
15,4,3,1,1.0
15,4,3,2,1.0
15,4,3,3,1.0
15,4,3,4,1.0
15,4,4,1,1.0
15,4,4,2,1.0
15,4,4,3,1.0
15,4,4,4,1.0
15,4,5,1,1.0
15,4,5,2,1.0
15,4,5,3,1.0
15,4,5,4,1.0
15,4,6,1,1.0
15,4,6,2,1.0
15,4,6,3,0.999
15,4,6,4,1.0
15,4,7,1,1.0
15,4,7,2,1.0
15,4,7,3,0.999
15,4,7,4,0.994
15,4,8,1,1.0
15,4,8,2,1.0
15,4,8,3,0.997
15,4,8,4,0.992
15,4,9,1,1.0
15,4,9,2,1.0
15,4,9,3,0.998
15,4,9,4,0.989
15,4,10,1,1.0
15,4,10,2,1.0
15,4,10,3,0.997
15,4,10,4,0.979
15,4,11,1,1.0
15,4,11,2,0.999
15,4,11,3,0.999
15,4,11,4,0.986
15,4,12,1,1.0
15,4,12,2,1.0
15,4,12,3,0.996
15,4,12,4,0.974
15,4,13,1,1.0
15,4,13,2,1.0
15,4,13,3,0.993
15,4,13,4,0.965
15,4,14,1,1.0
15,4,14,2,1.0
15,4,14,3,0.99
15,4,14,4,0.964
15,4,15,1,1.0
15,4,15,2,1.0
15,4,15,3,0.981
15,4,15,4,0.94
